y_log,linear,random_forest,ridge,lasso,elasticnet,svr,gbr,xgboost,lightgbm,catboost
12.247699,12.208096,12.228818,12.225995,12.233299,12.233245,12.241231,12.243156,12.211742,12.220719,12.220084
12.109016,12.147578,12.054100,12.170414,12.171681,12.172221,12.107385,12.049579,12.075866,12.076579,12.067848
12.317171,12.263173,12.251389,12.269032,12.290964,12.288944,12.289115,12.263873,12.256125,12.269553,12.256664
11.849405,12.062850,12.067189,12.046496,12.079937,12.077485,12.084381,12.072797,12.042740,12.067593,12.133321
12.429220,12.585098,12.536129,12.580931,12.583692,12.584003,12.588749,12.604017,12.617858,12.609763,12.601754
11.870607,11.838921,11.939774,11.980156,12.022919,12.021717,12.055601,11.966477,11.964981,11.965646,11.993038
12.634606,12.540498,12.550666,12.556314,12.543543,12.543191,12.568517,12.534573,12.567566,12.538629,12.581309
12.206078,12.405808,12.344058,12.335526,12.300034,12.301528,12.315486,12.306165,12.337115,12.320056,12.387704
11.774528,11.660479,11.917090,11.771033,11.809134,11.808351,11.743168,11.807974,11.758982,11.841269,11.801032
11.678448,11.944304,11.747127,11.710168,11.692009,11.692067,11.675674,11.746475,11.762860,11.756226,11.748029
11.771444,11.797137,11.798150,11.781393,11.758613,11.759792,11.799246,11.764493,11.763446,11.760834,11.758328
12.751303,12.867907,12.733078,12.840416,12.815259,12.817692,12.837213,12.740363,12.811611,12.816551,12.861056
11.877576,11.814728,11.788829,11.800752,11.779809,11.781937,11.801550,11.776958,11.822779,11.806732,11.832249
12.540761,12.326389,12.278276,12.334077,12.338484,12.338411,12.317787,12.277860,12.260922,12.281944,12.262716
11.964007,11.949255,11.944033,11.967429,11.970238,11.969771,11.980271,11.965675,11.961812,11.943850,11.990503
11.790565,11.855249,11.749481,11.828139,11.808182,11.808730,11.818126,11.782221,11.769097,11.754982,11.756327
11.911708,11.981717,11.906026,11.960088,11.960621,11.959548,11.984347,11.972576,11.931616,11.939615,11.959424
11.407576,11.715050,11.586058,11.604929,11.598150,11.597240,11.551436,11.638147,11.629168,11.607990,11.597954
11.976666,11.928694,11.925776,11.956659,11.959065,11.957807,11.965349,11.948371,11.923136,11.938215,11.937773
11.842236,11.733994,11.809433,11.721794,11.720344,11.721541,11.760323,11.709488,11.715738,11.751018,11.717843
12.692506,12.712205,12.622661,12.680157,12.672404,12.673067,12.705894,12.744906,12.720231,12.679776,12.715206
11.845110,11.689325,11.749782,11.728648,11.757245,11.757658,11.695972,11.766972,11.760900,11.718006,11.723083
12.345839,12.350245,12.369968,12.360870,12.383831,12.382643,12.351084,12.380265,12.287663,12.324961,12.356335
11.774528,11.801161,11.853077,11.875664,11.851942,11.855659,11.817160,11.824772,11.820517,11.847425,11.789858
11.944714,11.953194,11.842504,11.945721,11.941653,11.941716,11.968402,11.913941,11.877753,11.911575,11.918493
12.454108,12.495879,12.428965,12.473024,12.452740,12.454171,12.435603,12.430570,12.429811,12.415359,12.432601
11.811555,11.749915,11.758431,11.750526,11.740008,11.741622,11.780360,11.822596,11.827724,11.809973,11.841131
12.631344,12.582515,12.576560,12.564322,12.552897,12.553719,12.566391,12.586027,12.589911,12.550519,12.598362
12.242891,12.183509,12.057665,12.169797,12.162009,12.163011,12.187152,12.158202,12.122407,12.171099,12.137922
11.134604,11.168550,11.146690,11.147270,11.154561,11.156706,11.195493,11.116875,11.082893,11.156873,11.097638
10.596660,11.164151,11.447652,11.388886,11.295661,11.307194,11.452461,11.504070,11.314992,11.419856,11.224227
11.914055,11.840252,11.866758,11.836630,11.829949,11.830296,11.860335,11.829362,11.834371,11.846030,11.862374
12.100162,12.146749,12.179834,12.162419,12.170102,12.170221,12.114253,12.134439,12.106035,12.148214,12.163894
12.016733,12.073056,11.990409,12.055792,12.096728,12.094970,12.082899,12.059757,12.048450,12.037683,12.072355
12.533580,12.509739,12.567845,12.531906,12.525688,12.526382,12.539136,12.562807,12.552407,12.531355,12.576216
12.641100,12.695625,12.613832,12.646968,12.638079,12.639835,12.670260,12.662134,12.629649,12.596899,12.628342
11.884496,11.934149,11.884889,11.899195,11.878345,11.879046,11.911411,11.922434,11.882948,11.900729,11.887612
11.938200,11.903057,11.927084,11.886032,11.899522,11.898906,11.899120,11.915881,11.960931,11.962741,11.937801
11.599112,11.770539,11.800650,11.761972,11.768547,11.769048,11.778175,11.739244,11.753395,11.780789,11.772522
11.314487,11.551728,11.423915,11.260016,11.273080,11.270402,11.288780,11.347095,11.355335,11.379998,11.378980
11.982935,11.805437,11.947745,11.822773,11.859558,11.856459,11.868387,11.856982,11.875355,11.874620,11.863311
12.043560,12.071706,11.968485,12.039566,12.030966,12.032744,12.039514,11.987043,12.001625,11.998405,12.019943
11.877576,11.902147,11.814961,11.901001,11.895885,11.896744,11.898234,11.871442,11.838183,11.860244,11.857180
11.777219,11.816948,11.757044,11.787572,11.772627,11.773476,11.817146,11.773784,11.783892,11.768950,11.779864
11.856522,11.908789,11.835789,11.875506,11.855122,11.856237,11.932600,11.905052,11.898500,11.877233,11.901607
12.675767,12.546265,12.599925,12.558816,12.569707,12.569593,12.549091,12.583879,12.588332,12.596347,12.590452
12.387089,12.536413,12.556311,12.520616,12.522721,12.521124,12.508256,12.553701,12.563169,12.529232,12.591416
12.428019,12.474392,12.397202,12.466650,12.463262,12.463402,12.443805,12.399069,12.384463,12.396949,12.390375
11.635152,11.471278,11.558027,11.439839,11.473080,11.471876,11.397851,11.480575,11.464495,11.490811,11.442148
11.751950,11.785676,11.758360,11.774837,11.774584,11.775667,11.779749,11.751836,11.756929,11.756296,11.737517
12.083911,12.101058,12.080637,12.097054,12.085764,12.085161,12.112887,12.053961,12.094932,12.080049,12.071435
11.648339,11.755924,11.669287,11.737521,11.760546,11.760358,11.730170,11.730042,11.714044,11.713376,11.678751
11.608245,11.631213,11.594490,11.440970,11.528836,11.528955,11.475563,11.593426,11.590639,11.610317,11.587238
12.861001,12.804667,12.724738,12.728176,12.712851,12.710145,12.866965,12.760568,12.872312,12.743100,12.872854
11.775297,11.734795,11.727515,11.750417,11.755146,11.755007,11.752025,11.774913,11.731267,11.753741,11.726690
12.103492,11.966364,12.019385,11.995215,11.997029,11.996068,11.922184,12.028910,12.006390,12.017952,11.988330
12.058158,12.195836,12.264103,12.178975,12.180906,12.180306,12.203268,12.230014,12.259732,12.244928,12.275856
12.188423,12.161192,12.205686,12.172871,12.179169,12.178010,12.172725,12.162080,12.177164,12.185628,12.171110
12.991756,13.091106,12.975262,13.021676,12.994613,12.995859,13.052406,13.016671,13.147917,13.084931,13.171130
11.735277,11.696459,11.697451,11.687131,11.675425,11.676973,11.678210,11.674153,11.660990,11.660921,11.645996
11.970357,12.096638,12.006472,12.119811,12.123871,12.125133,12.074275,12.044149,12.057482,12.024885,12.033401
11.522886,11.586679,11.473708,11.476818,11.493192,11.487430,11.531527,11.476527,11.448175,11.467971,11.481871
12.218500,12.289056,12.307101,12.295974,12.288757,12.290482,12.267282,12.292582,12.314919,12.272467,12.299086
11.849405,12.042708,11.917911,11.908620,11.869399,11.872842,11.888813,11.816753,11.820067,11.847391,11.854083
12.299112,12.345828,12.345483,12.327793,12.341037,12.340778,12.380783,12.359190,12.347014,12.380130,12.351502
12.666660,12.569710,12.617657,12.542698,12.546193,12.545877,12.565756,12.594404,12.601456,12.604961,12.603484
12.100718,12.429310,12.495808,12.411827,12.411996,12.409185,12.363440,12.380626,12.476082,12.457039,12.462353
12.328295,12.278560,12.264983,12.297712,12.300406,12.300217,12.290806,12.233933,12.272232,12.246301,12.265046
11.289794,11.247205,11.391144,11.231361,11.242437,11.241311,11.279952,11.279886,11.304648,11.347323,11.301797
12.323860,12.429842,12.345167,12.300950,12.283694,12.286368,12.252243,12.255778,12.342652,12.261138,12.277349
12.404928,12.476647,12.584360,12.527971,12.551596,12.549996,12.473683,12.513963,12.523739,12.509963,12.576307
11.771444,11.687777,11.649061,11.653055,11.643643,11.643736,11.688938,11.681763,11.707479,11.677168,11.682968
12.128117,12.176047,12.168937,12.157103,12.163675,12.163900,12.181044,12.197465,12.182590,12.170851,12.211197
11.883806,11.847658,11.865460,11.841430,11.841860,11.841449,11.879690,11.867039,11.839630,11.864875,11.855076
11.584325,11.453311,11.517130,11.477246,11.534891,11.528217,11.523540,11.597911,11.514833,11.519650,11.475199
11.418626,11.402378,11.483812,11.469516,11.465013,11.466773,11.459451,11.483579,11.494411,11.500636,11.512072
11.818578,11.676079,11.644810,11.638444,11.621481,11.622278,11.692918,11.681613,11.690186,11.671711,11.654545
11.751950,11.675988,11.712433,11.706026,11.695210,11.694954,11.720901,11.695270,11.727817,11.706328,11.665354
11.824087,11.742661,11.802359,11.726736,11.754978,11.753195,11.749257,11.733172,11.736905,11.646603,11.658926
11.608245,11.674354,11.632331,11.658615,11.628113,11.627228,11.714264,11.657852,11.623825,11.631648,11.634950
12.173038,12.271332,12.182213,12.265407,12.250005,12.250266,12.252719,12.194854,12.226709,12.225454,12.230463
11.941462,11.969616,12.057402,11.983543,11.998812,11.996798,12.057058,12.077827,12.045439,12.071058,12.058655
12.409018,12.456969,12.400069,12.457360,12.443493,12.443486,12.453636,12.369570,12.395354,12.352434,12.388439
11.748005,11.759313,11.770799,11.758922,11.781912,11.782702,11.715155,11.780871,11.747751,11.735655,11.710418
12.034697,11.997806,12.041531,12.001778,12.002669,12.002156,11.993139,12.028143,12.001451,12.020098,12.019651
12.468441,12.519180,12.580143,12.509040,12.499516,12.501138,12.500908,12.441971,12.463961,12.461571,12.472990
12.066816,12.152303,12.069808,12.160360,12.141705,12.143166,12.130961,12.081918,12.070951,12.094906,12.097971
12.010672,12.018531,11.891042,12.010564,12.003010,12.003495,11.983955,12.042205,12.006902,11.975621,12.039432
11.350418,10.563802,11.260817,10.767444,10.783686,10.794071,10.848286,11.174656,10.690505,10.944260,10.784979
11.724814,11.723392,11.683228,11.690436,11.675746,11.675805,11.712796,11.715426,11.673957,11.681118,11.662052
11.607335,11.533191,11.471979,11.537884,11.497039,11.497390,11.615240,11.527211,11.529508,11.493709,11.526096
11.498837,11.637286,11.699618,11.613455,11.665020,11.661560,11.653132,11.618034,11.566675,11.625652,11.632767
12.004574,11.814942,11.724992,11.818758,11.818092,11.817853,11.855637,11.818668,11.802560,11.812465,11.866433
11.804856,11.936391,12.180956,12.055598,11.924994,11.937178,12.065917,12.118902,11.997313,12.086053,11.916163
12.229550,12.192672,12.221723,12.190329,12.195070,12.194155,12.204708,12.236191,12.204658,12.208704,12.196244
12.128117,12.175561,12.030979,12.184360,12.164515,12.165010,12.188905,12.121857,12.066171,12.077815,12.090587
12.273736,12.298937,12.328113,12.311031,12.321388,12.320569,12.300128,12.299552,12.326184,12.307986,12.307624
11.459008,11.667842,11.716674,11.673769,11.645200,11.648659,11.689435,11.715317,11.740934,11.777802,11.740037
11.326608,11.191949,11.321716,11.190217,11.236007,11.229886,11.224354,11.255393,11.263602,11.238880,11.272219
11.767188,11.648140,11.694020,11.626245,11.634693,11.635201,11.605454,11.670572,11.698936,11.668842,11.625109
12.230770,12.261490,12.214383,12.282138,12.311753,12.310061,12.262323,12.268680,12.256761,12.253795,12.267330
12.089544,11.999980,12.077852,12.039950,12.043400,12.042804,12.047340,12.055029,12.060259,12.061569,12.077393
11.686585,11.550034,11.687842,11.629083,11.649615,11.650056,11.663904,11.712286,11.639307,11.676473,11.669878
12.200562,12.118135,12.151505,12.119675,12.120538,12.120363,12.130720,12.162886,12.159657,12.178965,12.148808
12.040614,12.009229,11.973996,11.971066,11.970092,11.972616,11.976476,11.857495,11.987373,11.940285,11.929834
12.429220,12.432023,12.477693,12.429241,12.416031,12.417300,12.448065,12.449854,12.504185,12.483366,12.461013
11.512935,11.342889,11.445855,11.406099,11.416648,11.415781,11.382270,11.370389,11.334323,11.396428,11.328650
11.652696,10.988027,11.535637,11.399789,11.378004,11.378852,11.493254,11.534428,11.507758,11.529927,11.505655
11.652696,11.678577,11.767712,11.596552,11.578139,11.578040,11.671874,11.699148,11.711709,11.691828,11.612761
12.154785,12.219856,12.214301,12.233516,12.264680,12.261836,12.246467,12.255040,12.157139,12.171098,12.214053
11.827013,11.851521,11.936937,11.861690,11.894616,11.892312,11.843321,11.780592,11.864071,11.857285,11.871923
12.100718,12.029588,12.038457,12.048444,12.047178,12.047717,12.040310,12.077972,12.049419,12.062834,12.047947
12.858322,12.757551,12.638536,12.734129,12.739154,12.740351,12.748906,12.715159,12.693946,12.743708,12.714738
12.287657,12.383368,12.305494,12.347234,12.375320,12.375159,12.355716,12.279447,12.289642,12.311974,12.335627
12.466516,12.369244,12.281133,12.370979,12.386270,12.382063,12.400264,12.389051,12.310575,12.348986,12.345651
12.078245,12.065239,12.010842,12.035220,12.008397,12.010793,12.079475,12.024872,12.007538,12.020325,11.986765
11.842236,11.752815,11.793080,11.703538,11.708124,11.708259,11.813392,11.778863,11.737578,11.756023,11.763735
11.951187,11.935064,11.882316,11.916722,11.891147,11.892851,11.931716,11.866997,11.878403,11.877482,11.865674
12.676079,12.728152,12.717987,12.661555,12.672827,12.671919,12.677154,12.716417,12.719330,12.746501,12.700050
12.007567,12.087825,12.053235,12.100455,12.099994,12.100499,12.061602,12.038173,12.041297,12.042230,12.063675
12.100718,12.074717,11.897885,11.988669,11.991767,11.992656,12.031950,12.009158,12.007308,11.985376,12.013871
11.512935,11.518633,11.521501,11.453100,11.483032,11.482739,11.465666,11.511705,11.527126,11.507446,11.515724
11.820418,11.888174,11.846491,11.899127,11.896464,11.896889,11.890417,11.877681,11.830484,11.828435,11.821511
11.944065,11.929716,12.050752,11.974961,11.981441,11.980316,11.958072,12.015351,12.018266,12.030525,12.007962
12.106258,11.980277,12.057622,12.029424,12.046921,12.046039,12.046422,12.026486,12.031075,12.014654,12.031285
11.344519,11.539372,11.363718,11.525553,11.587773,11.586229,11.466467,11.369137,11.365633,11.286293,11.418717
11.759793,11.706954,11.823290,11.744987,11.718744,11.718975,11.794129,11.794047,11.796189,11.834180,11.794938
11.373675,11.444775,11.465289,11.447833,11.432569,11.432618,11.410581,11.473239,11.450247,11.464213,11.415446
11.951187,11.855016,11.911394,11.855068,11.835883,11.836834,11.873869,11.924396,11.902572,11.946809,11.895356
11.918397,11.628941,11.823946,11.772520,11.836110,11.827557,11.778226,11.837307,11.835737,11.832684,11.851793
12.328295,12.352190,12.296474,12.380758,12.379763,12.379747,12.297965,12.286496,12.293004,12.275525,12.317643
12.404928,12.324363,12.255982,12.326481,12.322516,12.322584,12.341302,12.261423,12.284938,12.293929,12.259097
11.923385,11.932239,11.880366,11.930787,11.917182,11.917897,11.900542,11.927311,11.939126,11.928574,11.948579
12.301387,12.209093,12.268287,12.218799,12.229680,12.228904,12.216982,12.271753,12.271418,12.263224,12.291628
12.100718,12.123195,12.035878,12.137650,12.131017,12.132015,12.142398,12.051581,12.042260,12.082178,12.020073
12.066816,12.064173,12.134082,12.107347,12.132367,12.131163,12.111022,12.118018,12.075714,12.095581,12.096430
11.870607,11.874952,11.930378,11.854145,11.842152,11.842617,11.867168,11.928226,11.895035,11.894364,11.893696
12.049425,12.054875,12.384731,12.174804,12.239165,12.237837,12.148284,12.214457,12.229225,12.226176,12.271964
12.345839,12.433347,12.373205,12.425376,12.419341,12.418177,12.411201,12.432215,12.404526,12.413087,12.419104
12.352339,12.220499,12.214185,12.221877,12.233187,12.232698,12.266385,12.221161,12.243057,12.209744,12.233672
11.652696,11.614633,11.602803,11.549223,11.536762,11.535954,11.615655,11.585439,11.599127,11.595709,11.529721
12.468441,12.395286,12.466657,12.410843,12.428023,12.427277,12.388936,12.408171,12.440945,12.387367,12.408922
12.019749,11.750476,11.743571,11.735681,11.725997,11.724357,11.796607,11.729598,11.706833,11.706401,11.767342
12.225880,12.284357,12.259529,12.289510,12.296378,12.296024,12.295259,12.265318,12.278730,12.267396,12.277336
11.736077,11.720461,11.907509,11.810493,11.855396,11.853628,11.759922,11.812878,11.796211,11.814482,11.814064
11.775297,11.758610,11.916415,11.808403,11.795275,11.796951,11.770059,11.738847,11.736771,11.776881,11.757225
11.561725,11.616378,11.538776,11.589966,11.583908,11.584384,11.610506,11.582425,11.609002,11.586504,11.604237
12.312687,12.291044,12.295784,12.296810,12.299432,12.300169,12.300495,12.306424,12.273067,12.276535,12.272806
11.856522,12.008803,11.945520,11.975352,11.946472,11.949130,11.958290,11.901307,11.933970,11.899618,11.895417
11.652696,11.637126,11.623082,11.621789,11.606492,11.608661,11.565437,11.622326,11.605526,11.619415,11.577789
11.711785,11.829728,11.809829,11.843100,11.814016,11.816073,11.827702,11.813733,11.815567,11.825751,11.804024
12.827732,12.689440,12.615295,12.667792,12.655608,12.655022,12.707763,12.696615,12.684977,12.681120,12.668276
12.154785,12.087885,12.113851,12.100134,12.123436,12.121290,12.127207,12.120484,12.109997,12.111942,12.130647
12.367345,12.297492,12.060785,12.201340,12.184681,12.187205,12.287520,12.219825,12.203410,12.161288,12.220309
11.736077,11.475301,11.785388,11.513919,11.527812,11.526558,11.549853,11.676615,11.538146,11.590526,11.607616
11.277216,11.030779,11.429608,11.241657,11.351735,11.339602,11.252206,11.272920,11.267034,11.290819,11.280857
11.603689,11.595254,11.533534,11.616940,11.607819,11.608129,11.615351,11.553813,11.544370,11.558568,11.557416
12.504327,12.457299,12.436759,12.450669,12.450040,12.450319,12.457977,12.576830,12.575690,12.541051,12.599102
12.448631,12.359413,12.348698,12.352067,12.357146,12.358018,12.373925,12.351532,12.339792,12.350329,12.354214
12.676079,12.676803,12.574692,12.652311,12.644742,12.643865,12.666985,12.609896,12.542425,12.639142,12.603580
11.998439,12.084453,11.998583,12.064773,12.035037,12.036473,12.050611,11.969585,11.965829,11.967685,11.963465
12.929994,12.900435,12.891574,12.890369,12.884348,12.885171,12.915584,12.990388,12.911657,12.930453,13.010067
12.301387,12.464473,12.365659,12.456868,12.436488,12.437504,12.445847,12.389951,12.385122,12.373202,12.356974
11.544434,11.542413,11.520342,11.476104,11.450828,11.451462,11.540739,11.455174,11.461131,11.452906,11.463515
11.931642,11.530133,11.893000,11.910126,11.941171,11.941019,11.894150,11.893222,11.888490,11.896036,11.786591
11.755879,11.581747,11.692486,11.662311,11.694787,11.691896,11.617845,11.680255,11.719021,11.705331,11.760720
12.154785,12.116203,12.055698,12.109764,12.129468,12.125499,12.097242,12.120410,12.105659,12.132364,12.093847
12.693502,12.741127,12.719900,12.750022,12.750656,12.750434,12.745086,12.748467,12.778678,12.758968,12.760707
12.119975,12.148609,12.187940,12.167340,12.180713,12.179602,12.149568,12.181076,12.192468,12.189029,12.195832
12.337105,12.313942,12.418392,12.327133,12.341723,12.341980,12.295728,12.358215,12.378098,12.371211,12.367872
11.763692,11.665795,11.682198,11.685089,11.708259,11.708136,11.691216,11.694260,11.742678,11.688078,11.701724
12.278398,12.294137,12.055175,12.236040,12.223267,12.223716,12.240235,12.185908,12.201320,12.161166,12.191103
12.384223,12.371875,12.201058,12.318285,12.353598,12.351065,12.283253,12.202331,12.279194,12.266559,12.272291
12.001512,11.904915,11.957153,11.918222,11.940751,11.936427,11.895059,11.940708,11.895602,11.940952,11.915353
12.122696,12.250242,12.157754,12.248946,12.228664,12.229779,12.207113,12.146432,12.093771,12.110379,12.110915
12.400821,12.267993,12.311773,12.259730,12.279125,12.279278,12.239019,12.275733,12.273914,12.283745,12.244982
12.259618,12.327600,12.270215,12.307872,12.309599,12.311175,12.335644,12.270783,12.280968,12.283464,12.224832
12.058158,12.109209,11.998485,12.086672,12.086125,12.085073,12.071236,12.043722,12.023371,12.064556,12.038781
13.126033,13.052070,12.991161,13.011668,13.022616,13.022288,13.103907,13.016475,12.993209,13.008543,13.061998
11.512935,11.554783,11.618659,11.534211,11.550289,11.548483,11.542094,11.650092,11.609214,11.595205,11.628035
12.083911,11.998859,12.044201,12.007149,12.015081,12.014839,12.040398,12.047176,12.054751,12.047469,12.083204
12.206578,12.002488,12.057656,12.023634,12.027845,12.027582,12.059633,12.116844,12.185513,12.090489,12.098259
11.695255,11.689297,11.612150,11.647666,11.632318,11.632146,11.609386,11.714602,11.631342,11.683232,11.643804
12.206078,12.240612,12.334169,12.234420,12.218518,12.219012,12.234011,12.173420,12.153865,12.160840,12.198598
11.751950,11.842789,11.687454,11.749497,11.746741,11.746620,11.678180,11.713140,11.668155,11.720144,11.696915
13.071072,12.717844,12.866041,12.738551,12.747405,12.745036,12.709275,12.747523,12.848119,12.820027,12.778393
12.061053,12.126367,12.094397,12.125357,12.122030,12.121840,12.101972,12.090432,12.077394,12.103694,12.095646
11.813037,11.691791,11.745340,11.734644,11.755107,11.754591,11.736278,11.751910,11.753360,11.742413,11.761031
11.940400,11.837502,11.910513,11.907115,11.923704,11.924456,11.855599,11.866735,11.857844,11.887895,11.871631
12.563751,12.521666,12.470200,12.483833,12.477658,12.477160,12.513875,12.482658,12.495122,12.461573,12.529926
12.660331,12.430471,12.498981,12.488227,12.468926,12.468389,12.556786,12.557975,12.540182,12.565157,12.571660
12.122696,12.151053,12.026363,12.201558,12.205916,12.204967,12.123489,12.016650,12.067016,12.078368,12.105617
12.165256,12.200936,12.220039,12.220472,12.239256,12.237879,12.223165,12.211774,12.206217,12.197132,12.194649
11.775297,11.791012,11.962592,11.877193,11.877924,11.880504,11.835372,11.823100,11.831836,11.884042,11.853897
11.751950,11.700992,11.715635,11.698922,11.692826,11.693295,11.720960,11.720600,11.703114,11.704064,11.707764
11.908347,11.837046,11.952814,11.838499,11.859046,11.857584,11.855640,11.906681,11.905033,11.928500,11.928870
12.650351,12.593347,12.542990,12.651321,12.607114,12.608890,12.692923,12.624660,12.594728,12.635080,12.600408
12.367345,10.517102,12.690071,12.548005,12.527799,12.527634,12.536541,12.587587,12.650326,12.637886,12.779269
11.552156,11.695674,11.813721,11.701804,11.675943,11.672973,11.745757,11.667130,11.611507,11.672487,11.621023
12.524166,12.635712,12.587605,12.622098,12.607874,12.607594,12.642176,12.609713,12.613219,12.593435,12.588161
11.849405,11.808695,11.788292,11.768800,11.756251,11.755956,11.798529,11.831829,11.809359,11.819990,11.775101
12.052344,11.971277,12.013314,12.010473,12.025927,12.026285,12.014330,12.008067,12.029091,12.012573,12.029118
11.626263,11.636556,11.751037,11.699771,11.721740,11.720288,11.628739,11.691296,11.698742,11.713154,11.677231
11.911708,11.838324,11.880990,11.841459,11.834603,11.835121,11.828229,11.870384,11.866124,11.888808,11.868832
11.608245,11.608270,11.680496,11.601307,11.628881,11.628089,11.602074,11.683359,11.664206,11.673440,11.629485
12.103492,12.107893,12.106822,12.078378,12.081072,12.079923,12.090112,12.080846,12.114026,12.108413,12.096838
11.876881,11.713832,11.895452,11.786858,11.812245,11.808731,11.775951,11.864449,11.797683,11.833197,11.791373
11.856522,11.715296,11.757465,11.684228,11.700794,11.700155,11.767620,11.803896,11.764145,11.772373,11.815326
12.531776,12.338194,12.372889,12.349500,12.393279,12.389676,12.301254,12.375358,12.328599,12.392619,12.347484
11.884496,11.972093,11.906894,11.949581,11.934518,11.935454,11.932281,11.917348,11.953320,11.918059,11.951335
11.492733,11.393230,11.545870,11.415992,11.423222,11.422338,11.411256,11.470601,11.511650,11.472883,11.463632
12.133507,12.026075,12.046770,12.047591,12.040995,12.041100,12.042058,12.051375,12.064858,12.053394,12.047178
12.439875,12.469181,12.299818,12.447385,12.444658,12.446173,12.449385,12.404506,12.453908,12.387530,12.444077
11.957618,11.950976,11.873022,11.900606,11.891066,11.891742,11.938701,11.954540,11.902712,11.904061,11.936565
11.993813,11.901117,11.911397,11.909795,11.936829,11.933202,11.923504,11.916329,11.892222,11.914778,11.909889
11.808955,11.824706,11.897615,11.834981,11.830859,11.831487,11.833453,11.874214,11.877221,11.900252,11.860498
12.254868,12.243746,12.215421,12.254443,12.255044,12.256250,12.264827,12.256026,12.212192,12.218543,12.208596
11.580593,11.330346,11.366480,11.340435,11.356474,11.356619,11.371922,11.286682,11.206548,11.226469,11.235880
12.649158,12.445792,12.242825,12.427820,12.450656,12.450450,12.405596,12.361404,12.380445,12.350593,12.363934
12.027191,12.096739,12.115349,12.077971,12.066514,12.067641,12.061644,12.096132,12.096316,12.082937,12.081377
12.230282,12.231835,12.302121,12.250602,12.266681,12.264806,12.225369,12.285661,12.270358,12.289690,12.276466
12.206078,12.332343,12.288578,12.298181,12.282174,12.282143,12.284886,12.290917,12.266112,12.256479,12.260585
12.100162,12.064505,12.044886,12.039715,12.022417,12.023585,12.064444,12.090982,12.060960,12.049931,12.080615
11.482477,11.603674,11.697591,11.568954,11.579517,11.578206,11.660505,11.721271,11.691910,11.689038,11.635666
12.864243,12.878480,13.062375,12.898367,12.915876,12.913672,12.949273,12.971085,12.976147,13.009188,13.012345
11.626263,11.450634,11.566155,11.444659,11.457215,11.455746,11.509642,11.476327,11.487236,11.502442,11.485960
12.577640,12.469277,12.511208,12.450485,12.442771,12.443234,12.467201,12.492185,12.471845,12.488736,12.477555
11.571204,11.479176,11.474453,11.490137,11.508517,11.506290,11.506313,11.473808,11.459193,11.436324,11.447729
11.736077,11.600576,11.735946,11.597894,11.595126,11.595066,11.685263,11.723462,11.707177,11.699535,11.716456
12.167857,12.180530,12.203442,12.174411,12.164035,12.164696,12.167530,12.184929,12.187210,12.193621,12.169774
11.904974,11.845815,11.866438,11.829475,11.825803,11.826258,11.846801,11.831384,11.860215,11.809109,11.829868
12.906694,12.787465,12.701163,12.741005,12.734169,12.734238,12.818805,12.815461,12.770387,12.756878,12.768705
11.456366,11.426854,11.520918,11.439595,11.454413,11.453939,11.459757,11.458548,11.486023,11.497521,11.511492
11.761355,11.778258,11.751460,11.742578,11.744851,11.745043,11.821575,11.772319,11.824218,11.773824,11.789296
12.285350,12.294955,12.211092,12.298843,12.284186,12.284252,12.295539,12.232949,12.224340,12.250026,12.214367
11.402005,11.354438,11.411517,11.365617,11.363490,11.361864,11.395779,11.271475,11.260613,11.276111,11.302014
12.130816,12.154231,12.146600,12.168307,12.185825,12.184447,12.162835,12.097421,12.128633,12.118828,12.107192
12.178193,12.344374,12.256117,12.319316,12.321523,12.321569,12.278945,12.263787,12.265579,12.266539,12.263324
12.669810,12.510150,12.476334,12.514397,12.516262,12.516573,12.503985,12.441714,12.415195,12.462824,12.464488
11.635152,11.685131,11.786946,11.708134,11.721587,11.721019,11.694444,11.769006,11.787196,11.791892,11.791617
12.478010,12.484725,12.494868,12.439530,12.442285,12.442703,12.449898,12.545468,12.565659,12.505231,12.559728
11.612780,11.536222,11.543257,11.558902,11.562268,11.562477,11.545277,11.508640,11.537379,11.550224,11.555322
11.277216,11.424993,11.545040,11.409516,11.416071,11.415845,11.402954,11.450766,11.471760,11.486440,11.429672
11.695255,11.766381,11.812081,11.780839,11.803465,11.802101,11.798472,11.799187,11.822906,11.797368,11.793115
12.230770,12.343572,12.344472,12.361117,12.376107,12.375206,12.356518,12.341580,12.362212,12.369698,12.373171
12.394629,12.297748,12.355806,12.300348,12.317463,12.315064,12.304964,12.293702,12.309119,12.322115,12.277990
11.827744,12.028112,11.843089,11.860299,11.873050,11.872773,11.899256,11.852791,11.768240,11.716561,11.741330
11.849405,11.849350,11.920994,11.896066,11.899002,11.899024,11.877842,11.916423,11.854296,11.887163,11.862125
12.100718,12.152996,12.182353,12.163941,12.172353,12.171657,12.155733,12.146133,12.141891,12.155580,12.137141
12.531776,12.544226,12.369443,12.542892,12.578993,12.577364,12.621272,12.536968,12.477198,12.511858,12.558125
11.245059,11.304912,11.377909,11.269076,11.294332,11.292203,11.407278,11.332302,11.281773,11.258338,11.318994
12.367345,12.542375,12.561720,12.537261,12.531767,12.532860,12.576406,12.621856,12.477731,12.547931,12.429657
12.061053,12.072767,12.111488,12.065505,12.075798,12.073767,12.071542,12.059714,12.061566,12.079554,12.095605
11.970357,12.162513,12.006462,12.111145,12.083702,12.086023,12.063406,12.064606,12.050522,12.021092,12.057122
11.884496,11.864383,11.899974,11.864850,11.874383,11.874361,11.852551,11.883814,11.891954,11.875452,11.887032
12.345839,12.309550,12.358955,12.295583,12.308483,12.308520,12.281869,12.330892,12.359105,12.355393,12.325892
12.242891,12.225562,12.168395,12.218088,12.217825,12.217863,12.231353,12.222390,12.209957,12.195205,12.212720
12.301387,12.359429,12.408876,12.359846,12.359289,12.358663,12.347708,12.361622,12.349127,12.369539,12.362605
12.352339,12.280574,12.257992,12.279125,12.268775,12.268285,12.264353,12.271571,12.244208,12.272153,12.258621
11.482477,11.556420,11.526521,11.515923,11.545408,11.546704,11.541677,11.575569,11.534264,11.523260,11.558799
12.078245,12.033800,12.002386,12.045529,12.052970,12.051683,12.032639,12.015731,12.024978,12.005162,12.069718
12.528160,12.689428,12.717103,12.677427,12.664403,12.664536,12.700790,12.754856,12.737296,12.720965,12.725687
11.925042,11.959340,11.889205,11.989896,12.018360,12.014859,12.044227,12.009385,11.987969,11.979464,11.954660
11.775297,11.729982,11.711068,11.682647,11.699037,11.697133,11.637144,11.691600,11.679412,11.713451,11.684665
11.198228,11.261576,11.436538,11.196969,11.243639,11.241127,11.209035,11.320269,11.281208,11.289119,11.365763
12.075400,12.152807,12.104688,12.158828,12.143807,12.143656,12.142393,12.110188,12.104248,12.087768,12.109663
12.128117,12.158334,12.106958,12.172796,12.168337,12.169308,12.142052,12.110434,12.135924,12.115600,12.104432
12.097936,12.088981,11.998209,12.176508,12.157380,12.158325,12.149264,12.145045,12.089749,12.081219,12.085694
11.699413,11.622607,11.621964,11.518030,11.547412,11.542059,11.583497,11.690178,11.670132,11.638441,11.674855
11.904974,11.948974,11.960271,11.984173,11.981754,11.982295,11.948634,11.989965,11.977971,11.989101,12.014591
12.491255,12.536985,12.459877,12.536633,12.525866,12.525486,12.497667,12.490152,12.488704,12.481662,12.517189
12.394629,12.212231,12.131913,12.229256,12.231931,12.230949,12.304730,12.301077,12.246593,12.243151,12.278256
12.577640,12.676802,12.529936,12.671534,12.645597,12.647389,12.650198,12.629799,12.609836,12.600026,12.589993
11.842236,11.993779,12.048288,12.037717,12.063095,12.063515,11.986230,12.022770,12.056276,12.052386,12.065297
11.732069,11.761948,11.734347,11.733513,11.704998,11.706269,11.730799,11.739718,11.743117,11.749382,11.714196
12.230770,11.995624,12.050836,12.021505,12.056200,12.052902,12.046791,12.075320,12.116310,12.045350,12.088556
12.211065,12.166219,12.297190,12.168198,12.176446,12.174919,12.196378,12.208395,12.220591,12.232708,12.220970
11.856522,11.642034,11.542121,11.579838,11.563152,11.563352,11.642831,11.559754,11.577216,11.548978,11.600916
12.936754,12.912415,12.866286,12.900088,12.891996,12.891912,12.884066,12.863656,12.861260,12.834528,12.844406
12.165256,12.267782,12.254441,12.272651,12.254372,12.255525,12.263536,12.265652,12.229027,12.262286,12.288282
12.339296,12.314130,12.271343,12.324566,12.324684,12.322844,12.278651,12.328970,12.288215,12.317526,12.301365
12.128117,12.259024,12.073603,12.234388,12.194456,12.197493,12.235777,12.146921,12.161985,12.128953,12.129482
12.242891,12.353010,12.286010,12.312641,12.277457,12.279802,12.287875,12.291083,12.309115,12.274727,12.280034
12.407384,12.320401,12.378567,12.324486,12.322886,12.322837,12.342812,12.457768,12.462729,12.436501,12.456503
12.096263,12.205187,12.154598,12.176005,12.154893,12.155269,12.140640,12.132348,12.160620,12.108064,12.107557
12.011887,12.053584,12.007600,12.052213,12.064295,12.064236,12.005177,11.983480,12.002501,11.994219,12.011229
11.976666,12.127967,12.077828,12.123657,12.131134,12.130003,12.149871,12.121121,12.124514,12.083893,12.132918
11.385103,11.485476,11.557706,11.477022,11.460301,11.462038,11.544096,11.505817,11.526533,11.545168,11.507910
11.711785,11.642066,11.703040,11.626075,11.622266,11.622965,11.715848,11.698762,11.665273,11.677395,11.657057
11.941951,11.895508,11.797618,11.858311,11.844033,11.845378,11.954286,11.887215,11.843252,11.857681,11.889412
12.359785,12.450188,12.460361,12.444154,12.447392,12.445769,12.424781,12.429187,12.428059,12.440414,12.462596
11.819682,11.653289,11.846264,11.633826,11.600371,11.600187,11.646245,11.683872,11.683318,11.752401,11.663188
11.782960,11.785512,11.848751,11.806450,11.800924,11.800914,11.816029,11.885491,11.856725,11.881253,11.878615
12.367345,12.356847,12.378320,12.382129,12.402233,12.402303,12.414938,12.365650,12.453970,12.383830,12.391016
12.025755,12.081439,11.996882,12.093532,12.108618,12.109298,12.030361,12.016059,11.974154,11.982023,12.033149
11.867104,11.914206,11.897253,11.917446,11.918855,11.919273,11.908364,11.882267,11.928021,11.905320,11.903445
11.931642,11.817631,11.824052,11.760170,11.779831,11.780374,11.820880,11.770917,11.792897,11.801345,11.804069
12.384223,12.372685,12.295937,12.374057,12.356905,12.358204,12.386375,12.321407,12.354542,12.309442,12.329360
12.072547,12.086651,12.047652,12.117957,12.114939,12.114230,12.101276,12.065022,12.063188,12.048684,12.038318
11.973516,11.960363,11.851597,11.962961,11.996087,11.994024,12.018567,12.016710,12.014185,11.956977,12.045221
11.964007,12.071928,11.923770,12.015743,12.009607,12.010317,12.007588,12.008344,11.990203,11.950229,12.043971
12.495008,12.517147,12.538149,12.528132,12.532590,12.532748,12.500299,12.523697,12.533111,12.540491,12.556352
12.230770,12.282606,12.344254,12.300894,12.307011,12.306416,12.295627,12.314793,12.325430,12.342538,12.315213
11.917730,11.783781,11.777186,11.789532,11.792966,11.793847,11.777683,11.740593,11.781442,11.771523,11.750894
12.594734,12.564411,12.669477,12.620138,12.640937,12.638861,12.582361,12.547189,12.599444,12.609910,12.532479
12.631017,12.616627,12.706234,12.599905,12.602113,12.601045,12.573201,12.619997,12.633095,12.605133,12.568166
12.323860,12.348852,12.378165,12.363402,12.377804,12.376434,12.404941,12.381187,12.359159,12.427975,12.340899
11.402005,11.559075,11.611752,11.528475,11.567300,11.566128,11.570637,11.536359,11.470171,11.502019,11.532674
11.320566,11.578162,11.611982,11.562916,11.590032,11.588111,11.551753,11.624739,11.636773,11.621055,11.601502
12.793862,12.756962,12.759907,12.764448,12.786854,12.786101,12.766985,12.825293,12.837146,12.799493,12.829373
12.017337,12.018499,12.078153,12.039467,12.052480,12.051100,12.056911,12.114898,12.097592,12.104232,12.096880
11.790565,11.814826,11.782051,11.830808,11.811817,11.813978,11.797746,11.810556,11.791657,11.812698,11.843483
11.694422,11.710769,11.705273,11.699741,11.708349,11.706110,11.671356,11.727602,11.726645,11.755513,11.725686
12.834684,12.581300,12.410868,12.677894,12.681896,12.683363,12.676869,12.459162,12.513161,12.450926,12.559051
12.089544,12.009486,11.978414,12.026876,12.043603,12.040549,12.059131,11.991339,11.941809,11.944573,11.951680
12.146859,12.123603,12.086375,12.147080,12.158416,12.156850,12.137129,12.106771,12.115215,12.121923,12.120359
12.468441,12.451357,12.385448,12.453608,12.438569,12.438284,12.463371,12.410951,12.437068,12.450124,12.434398
12.506181,12.481796,12.456953,12.473985,12.474169,12.474227,12.464450,12.477585,12.482239,12.472427,12.501125
12.468441,12.659203,12.632532,12.634363,12.626004,12.626947,12.662297,12.678838,12.639030,12.650897,12.634816
12.141539,12.196338,12.212755,12.195211,12.201196,12.200381,12.204179,12.208225,12.226025,12.184952,12.221851
12.744447,12.831627,12.766348,12.765789,12.778795,12.778314,12.819988,12.760953,12.817425,12.797913,12.782959
12.777055,12.758450,12.680566,12.741248,12.714844,12.715819,12.734061,12.764998,12.760762,12.724841,12.735445
12.614869,12.475349,12.542430,12.467488,12.486425,12.482582,12.457650,12.505192,12.481686,12.526748,12.546032
11.745433,11.721568,11.680385,11.669222,11.672708,11.672505,11.717089,11.747034,11.698912,11.718662,11.687070
12.396697,12.493949,12.517616,12.474070,12.400998,12.401835,12.477153,12.453538,12.508342,12.479251,12.416075
11.373675,11.298773,11.438922,11.346137,11.408386,11.407556,11.392615,11.453268,11.370476,11.400420,11.366603
12.688502,12.551342,12.544007,12.584917,12.554662,12.552205,12.623280,12.575674,12.585476,12.571409,12.557692
11.886219,11.919249,11.930325,11.911242,11.896628,11.897353,11.919093,11.871485,11.869048,11.882021,11.871999
12.276070,12.006962,12.064552,11.954328,11.926254,11.925615,12.027036,11.992713,12.051839,12.020387,12.090188
11.264477,11.391326,11.455635,11.387834,11.450917,11.449170,11.419797,11.400966,11.319418,11.262910,11.308617
11.686887,11.810901,11.904317,11.856558,11.882985,11.882635,11.787973,11.829140,11.867137,11.851049,11.868030
11.842236,11.734645,11.818651,11.728515,11.716787,11.718240,11.748488,11.782096,11.793871,11.795610,11.802382
12.556733,12.667169,12.703498,12.649647,12.646108,12.643392,12.571848,12.625055,12.719991,12.604812,12.733155
12.240479,12.284960,12.156401,12.296954,12.282776,12.285322,12.264646,12.188395,12.176459,12.165079,12.191697
12.165256,12.204297,12.142663,12.220165,12.209930,12.210645,12.212243,12.200265,12.189083,12.178459,12.179095
12.341263,12.210777,12.119489,12.377195,12.438502,12.439654,12.387059,12.292366,12.260201,12.233595,12.277614
12.841132,12.877904,12.749200,12.825304,12.810485,12.811809,12.837585,12.799593,12.810793,12.780362,12.819787
12.273736,12.289177,12.314126,12.294156,12.301084,12.301177,12.295710,12.290119,12.306438,12.305934,12.301271
12.218500,12.309565,12.218933,12.304025,12.282540,12.282835,12.296008,12.259071,12.266519,12.248048,12.279819
11.951187,11.878658,11.919887,11.897310,11.897694,11.897307,11.918071,11.870560,11.871122,11.844774,11.869707
12.220473,12.299234,12.333903,12.286096,12.296198,12.296647,12.274102,12.323899,12.286692,12.280878,12.312304
11.314487,11.445250,11.373290,11.296410,11.330089,11.328616,11.308628,11.359539,11.334579,11.273803,11.335058
11.379406,11.405395,11.399691,11.346976,11.314418,11.314288,11.360752,11.402799,11.423236,11.394692,11.386650
12.491255,12.496123,12.569060,12.528719,12.515291,12.515914,12.552962,12.584146,12.553183,12.565081,12.580626
11.350418,11.313432,11.536524,11.356320,11.389033,11.388644,11.415610,11.405215,11.390289,11.452251,11.344107
11.850832,11.795485,11.855494,11.763014,11.767860,11.768075,11.796101,11.824727,11.852757,11.849061,11.848143
11.928348,11.759159,11.834838,11.878454,11.891878,11.891819,11.937274,11.860902,11.867859,11.854211,11.863707
11.967187,12.096650,12.048767,12.116398,12.115422,12.116077,12.098613,12.073670,12.077180,12.072583,12.089459
11.944714,12.161784,12.113009,12.149695,12.158232,12.158926,12.125553,12.144035,12.150271,12.127537,12.141305
12.988043,13.018010,13.033296,12.979683,12.953101,12.953253,12.990063,13.103825,13.074257,13.089894,13.018471
12.670002,12.572026,12.675227,12.587862,12.595747,12.594415,12.588809,12.633791,12.569272,12.570084,12.596154
12.154785,12.177158,12.224100,12.174520,12.186117,12.185439,12.177681,12.201471,12.219893,12.223475,12.197099
11.461643,11.558724,11.512490,11.588485,11.594097,11.591940,11.520182,11.458249,11.427627,11.438958,11.450380
11.570260,11.584515,11.630757,11.585687,11.601050,11.600837,11.592709,11.595980,11.598610,11.621704,11.633460
11.849405,11.844433,11.909950,11.909023,11.888400,11.890780,11.879944,11.922508,11.927159,11.903238,11.891942
12.086732,12.069886,12.059118,12.075395,12.059336,12.061370,12.074791,12.101897,12.117461,12.095954,12.097978
12.061053,12.041133,12.037365,12.041018,12.047812,12.046228,12.051354,12.031414,12.036039,12.028823,12.039372
11.805603,11.762093,11.904677,11.831054,11.808256,11.810193,11.814338,11.882739,11.873800,11.872601,11.863809
11.775297,11.681476,11.818737,11.740086,11.675706,11.677002,11.756878,11.749733,11.749084,11.775038,11.682027
12.542548,12.585199,12.464898,12.605534,12.571741,12.574611,12.564398,12.559797,12.555511,12.514597,12.533991
11.957618,11.923361,11.863092,11.928764,11.930040,11.929533,11.894502,11.875340,11.926271,11.902520,11.924929
11.884496,11.901517,11.804594,11.877817,11.857446,11.860070,11.868603,11.871059,11.860516,11.833937,11.867075
12.198549,12.164381,12.112012,12.084344,12.050383,12.050859,12.114597,12.115196,12.145519,12.117821,12.059080
11.678448,11.636608,11.530378,11.645616,11.657292,11.656280,11.658202,11.595994,11.607880,11.586648,11.653378
12.154785,12.089394,12.094681,12.106970,12.123641,12.121798,12.127879,12.083660,12.116084,12.112859,12.121287
11.898195,11.808484,11.703026,11.767697,11.751754,11.752899,11.829870,11.746245,11.757483,11.723221,11.767966
11.976666,12.067477,12.009472,12.075411,12.074646,12.074005,12.027260,12.056701,12.022981,12.029807,12.031169
12.013707,11.710875,11.959734,11.898904,11.930944,11.927084,11.863912,11.992441,11.966060,11.956042,11.933360
11.790565,11.827075,11.873542,11.840928,11.853974,11.853119,11.847262,11.858171,11.841153,11.868784,11.879036
11.995358,12.037862,11.939445,12.047622,12.045868,12.046170,12.021500,11.990681,12.022996,12.006270,12.023019
12.057578,12.077516,12.087278,12.090006,12.091285,12.091499,12.074987,12.099383,12.098028,12.086742,12.085826
11.808821,11.712114,11.627103,11.697660,11.666150,11.666466,11.707336,11.707904,11.672388,11.684744,11.707599
11.736077,11.703018,11.683476,11.670339,11.666684,11.667165,11.644407,11.697400,11.693872,11.695474,11.678080
11.719948,11.748328,11.769061,11.766240,11.782163,11.782487,11.744760,11.761081,11.753898,11.756673,11.710678
12.299112,12.209270,12.239569,12.231195,12.238938,12.238735,12.200998,12.233530,12.240550,12.240477,12.230101
11.018646,10.773157,11.034392,10.797368,10.856638,10.849199,10.703904,11.095880,10.999514,11.031221,11.013983
11.904974,11.850046,11.782851,11.838771,11.832256,11.832634,11.837254,11.863106,11.843995,11.827211,11.808050
12.736704,12.565671,12.605427,12.564247,12.560319,12.560283,12.566595,12.526788,12.581093,12.555929,12.558294
12.885205,12.655663,12.741844,12.634040,12.604512,12.607646,12.725808,12.644026,12.695585,12.708788,12.624843
12.095147,12.084925,12.133249,12.052654,12.063750,12.062382,12.081641,12.120455,12.101630,12.112912,12.101063
11.751950,12.004965,11.841948,11.941762,11.888510,11.890445,11.974439,11.879934,11.884427,11.876678,11.857287
12.142872,12.271865,12.179055,12.268919,12.249054,12.251398,12.263152,12.195230,12.229719,12.224162,12.244129
12.271397,12.225437,12.269766,12.241922,12.252236,12.251210,12.215763,12.209659,12.228214,12.225157,12.235364
11.238502,11.442516,11.329563,11.392396,11.383216,11.386611,11.324420,11.209558,11.300364,11.231545,11.304343
12.388398,12.506184,12.361711,12.568477,12.523636,12.528024,12.533465,12.475743,12.503531,12.472633,12.568373
12.165256,12.155773,12.160868,12.128146,12.120951,12.121581,12.126216,12.128604,12.135754,12.152129,12.152841
11.302217,11.374261,11.387165,11.247028,11.311977,11.310176,11.344131,11.340890,11.240332,11.277942,11.385727
11.736077,11.811468,11.842259,11.830863,11.860657,11.857783,11.872934,11.825605,11.774693,11.788303,11.757711
12.160034,12.183416,12.232654,12.186103,12.189675,12.190177,12.169564,12.183926,12.186204,12.191130,12.163959
12.962197,12.978255,12.908963,12.995534,12.971972,12.973655,13.033273,12.962696,12.967339,12.976947,13.005360
11.686887,11.817987,11.754426,11.816846,11.805013,11.804396,11.784555,11.768432,11.762630,11.754077,11.750045
12.278398,12.330950,12.240326,12.311568,12.309430,12.308746,12.337799,12.282254,12.274352,12.257022,12.293340
11.575910,11.489820,11.531676,11.524374,11.471545,11.473504,11.482845,11.579855,11.554207,11.527670,11.571810
11.512935,11.340886,11.388561,11.325530,11.315611,11.315999,11.368022,11.367049,11.330703,11.311797,11.316394
11.599112,11.599513,11.601369,11.602615,11.594940,11.594734,11.638710,11.608804,11.646490,11.578865,11.621803
11.767575,11.794013,11.818946,11.795440,11.789802,11.788261,11.784313,11.781953,11.770219,11.795079,11.799353
11.719948,11.703243,11.724034,11.709023,11.720423,11.720420,11.684959,11.714283,11.730954,11.732968,11.740441
12.040614,11.883208,11.932925,11.866721,11.848266,11.848302,11.921197,11.955797,11.954075,11.971744,11.931165
11.112463,11.068006,11.440124,11.244409,11.205359,11.206225,11.139620,11.277823,11.222739,11.270238,11.179282
12.392556,12.260321,12.239990,12.270427,12.262269,12.263508,12.301892,12.268631,12.258495,12.233695,12.242180
12.411056,12.406364,12.232868,12.434366,12.419137,12.420086,12.416835,12.313977,12.342547,12.297698,12.366203
12.013646,12.185453,12.140153,12.216170,12.209661,12.211054,12.144525,12.153575,12.161948,12.152363,12.161731
11.589896,11.554188,11.469651,11.517006,11.529319,11.528304,11.563040,11.566402,11.500886,11.498150,11.531999
12.460719,12.436234,12.490851,12.459038,12.424619,12.427938,12.438661,12.423909,12.449238,12.459243,12.442693
12.031725,12.044296,12.079737,12.062392,12.052142,12.052603,12.054898,12.074452,12.046330,12.070977,12.059846
11.918397,11.923158,11.972683,11.922927,11.936144,11.937172,11.929561,11.957936,11.938693,11.938489,11.912414
11.652696,11.643817,11.812491,11.682741,11.627705,11.628251,11.632526,11.703305,11.676109,11.730669,11.593304
12.083911,11.969803,11.950189,11.940700,11.973907,11.970560,11.976146,12.021476,12.007204,11.992815,12.027298
12.542548,12.592708,12.448225,12.551576,12.531130,12.532439,12.555567,12.459892,12.513243,12.512738,12.519800
12.735968,12.666047,12.538927,12.624279,12.632354,12.633045,12.648412,12.626846,12.652286,12.643350,12.667455
11.002117,11.568528,11.684216,11.546931,11.530052,11.531195,11.533714,11.447526,11.507508,11.544203,11.548661
11.884496,11.828236,11.810436,11.821548,11.826507,11.824878,11.844253,11.893408,11.874942,11.827640,11.883054
12.310437,12.460004,12.318085,12.464920,12.426062,12.426945,12.459249,12.463966,12.423105,12.410185,12.440482
11.652696,11.481683,11.632788,11.514641,11.528039,11.526963,11.535884,11.521166,11.544176,11.542098,11.547790
12.337105,12.419685,12.372002,12.396897,12.381680,12.382993,12.398798,12.433185,12.396074,12.415243,12.379487
12.106998,12.164792,12.149418,12.195349,12.191968,12.191005,12.158641,12.172838,12.195805,12.185177,12.204863
11.915058,11.948996,11.939885,11.987238,11.991117,11.991276,12.009004,12.011100,11.984889,11.969466,11.956985
12.384223,12.485986,12.350145,12.394434,12.391433,12.392194,12.360317,12.422259,12.402410,12.307493,12.365323
11.744045,11.579002,11.597201,11.600270,11.583575,11.583714,11.576164,11.624693,11.640266,11.625580,11.629071
11.863589,11.822301,11.815278,11.820317,11.815171,11.816086,11.845986,11.814993,11.823880,11.827687,11.837078
12.237092,12.058581,12.133180,12.122328,12.180073,12.177352,12.147408,12.166514,12.212841,12.213346,12.252394
12.278398,12.312664,12.233791,12.314051,12.323118,12.322774,12.292676,12.228182,12.267873,12.264883,12.273830
11.635152,11.589720,11.671604,11.603981,11.594633,11.592622,11.606710,11.612768,11.578517,11.581716,11.620435
12.660331,12.655718,12.685068,12.622120,12.624211,12.624608,12.658975,12.680021,12.651900,12.652366,12.670900
11.842236,11.880582,11.922144,11.883253,11.862749,11.864722,11.861184,11.872798,11.892233,11.906127,11.894377
11.813037,11.784004,11.867307,11.862635,11.876579,11.875661,11.883195,11.877565,11.825165,11.892287,11.833786
12.524530,12.376624,12.338355,12.384644,12.421763,12.418529,12.373701,12.352090,12.336530,12.344201,12.357106
11.599186,11.654826,11.622268,11.623343,11.603692,11.604617,11.648805,11.651364,11.643206,11.633326,11.612538
12.182809,12.200181,12.168893,12.213095,12.217382,12.217159,12.203403,12.197986,12.194774,12.206597,12.199815
12.072547,12.153402,12.109287,12.159984,12.149483,12.150447,12.159926,12.112749,12.091897,12.085845,12.083137
11.355113,11.440616,11.502564,11.429956,11.437081,11.435769,11.459667,11.479423,11.480742,11.457180,11.469397
11.288544,11.575625,11.713218,11.580268,11.561247,11.563891,11.536470,11.604488,11.661663,11.641395,11.598764
11.715874,11.709870,11.801217,11.705555,11.683316,11.683023,11.696771,11.758548,11.773114,11.777581,11.731159
12.106258,12.088729,12.083604,12.089463,12.085538,12.084796,12.079233,12.072685,12.101324,12.096547,12.087762
11.302217,11.380433,11.352151,11.361892,11.329848,11.331201,11.360880,11.301033,11.354642,11.333721,11.334770
12.264346,12.406825,12.173470,12.373775,12.306667,12.308138,12.338222,12.287376,12.280518,12.274668,12.276005
11.661354,11.615898,11.635007,11.641166,11.632408,11.634457,11.590567,11.544339,11.583802,11.600495,11.572857
11.686887,11.679962,11.639730,11.677865,11.654219,11.656600,11.643055,11.690376,11.642986,11.640662,11.689137
11.411457,11.470432,11.393620,11.512178,11.517960,11.515485,11.483305,11.493235,11.501770,11.490247,11.575923
11.608245,11.912909,11.777894,11.936720,11.897758,11.896211,11.896069,11.824843,11.809822,11.814348,11.825629
13.226725,13.147836,13.050935,13.080573,13.079021,13.075818,13.087187,13.044498,13.148555,13.076735,13.043235
11.678448,11.518439,11.756979,11.597448,11.591817,11.592016,11.588348,11.659539,11.642500,11.648483,11.612606
12.000898,11.927896,11.889573,11.941291,11.922995,11.924821,11.902200,11.909441,11.889433,11.919696,11.876854
12.058158,12.196584,12.141313,12.170273,12.148930,12.148298,12.164696,12.114149,12.126461,12.122474,12.141032
12.254868,12.258812,12.292370,12.271946,12.283222,12.282941,12.257393,12.278054,12.271544,12.299803,12.287404
11.755879,11.902019,11.986985,11.907261,11.927831,11.926216,11.896299,11.894880,11.911978,11.916315,11.952639
12.154785,12.251056,12.234839,12.290759,12.255262,12.254425,12.295243,12.279858,12.230936,12.244318,12.273966
12.205578,12.208991,12.247762,12.211497,12.225333,12.225961,12.190486,12.244055,12.227151,12.223624,12.227715
11.691080,11.772115,11.787381,11.726739,11.752863,11.752742,11.740779,11.751899,11.776915,11.771416,11.762375
11.695255,11.677016,11.542443,11.605712,11.598916,11.598825,11.657198,11.626425,11.690013,11.612122,11.616818
11.608245,11.591999,11.590188,11.607410,11.617773,11.617963,11.568662,11.567855,11.537815,11.563264,11.568214
12.542548,12.553667,12.251803,12.441585,12.425014,12.431616,12.487309,12.352266,12.323325,12.286303,12.391538
12.225880,12.239873,12.192967,12.221251,12.211516,12.211603,12.240092,12.188546,12.198592,12.190996,12.182515
12.254868,12.220881,12.246596,12.204073,12.218783,12.218331,12.224180,12.313032,12.291905,12.283162,12.296168
12.144203,11.900604,11.925719,11.950404,11.983372,11.979031,11.973876,11.916616,11.856386,11.869049,11.892408
12.075400,11.987001,12.006488,12.015235,12.008199,12.009230,11.994061,12.012840,12.008714,12.029280,12.002082
11.492733,11.228781,11.483240,11.310854,11.387997,11.382076,11.357723,11.310291,11.313561,11.347524,11.372255
12.452937,12.248565,12.017464,12.257243,12.261151,12.261737,12.286307,12.286908,12.240198,12.212171,12.187604
11.989166,11.948899,12.020977,11.971980,11.957884,11.959498,11.965435,11.951292,11.978198,12.016739,11.990664
11.608245,11.737752,11.641404,11.749005,11.768981,11.767778,11.742045,11.787250,11.645433,11.686519,11.671793
12.481566,12.429044,12.378479,12.407645,12.413704,12.414638,12.415003,12.486131,12.449055,12.405263,12.460904
11.951187,12.024910,11.892933,12.076083,12.051717,12.052724,12.003252,11.912453,11.970696,11.957598,11.913432
11.041064,11.752188,11.700878,11.725137,11.695272,11.696536,11.727686,11.738056,11.725582,11.733276,11.704455
12.147919,12.167842,11.994678,12.133199,12.079931,12.080632,12.166869,12.164518,12.157845,12.127364,12.144179
11.728045,11.683448,11.729712,11.661943,11.647784,11.647236,11.697036,11.653388,11.659115,11.658840,11.620057
12.093693,12.065733,12.109981,12.071887,12.069791,12.071153,12.047854,12.088528,12.095738,12.068485,12.053472
12.025755,12.035497,11.974201,12.011957,12.083116,12.080176,12.078427,11.996833,11.914550,11.985315,12.042191
11.894788,11.987228,11.922758,11.989955,11.977228,11.977051,11.958146,11.998701,11.958868,11.963109,11.927298
12.429220,12.482007,12.443124,12.474738,12.471607,12.472614,12.441699,12.420341,12.379708,12.397270,12.385369
12.138869,11.998510,12.150229,12.089167,12.100040,12.099612,12.089227,12.092487,12.102504,12.135390,12.133986
12.264346,12.415129,12.364877,12.386995,12.379208,12.379161,12.378331,12.280644,12.354901,12.283040,12.355602
12.154785,12.127640,12.190666,12.143624,12.144908,12.142434,12.168178,12.171844,12.172224,12.180433,12.139216
11.904974,11.792938,11.833966,11.768698,11.767993,11.765890,11.788350,11.846571,11.837344,11.848779,11.830001
12.994532,12.779920,12.780577,12.772784,12.769506,12.768538,12.805144,12.835721,12.832465,12.797784,12.806758
12.433212,12.451590,12.452786,12.423924,12.415414,12.415937,12.443367,12.425314,12.448092,12.403746,12.429843
11.794345,11.872439,11.811428,11.853707,11.817644,11.819480,11.865910,11.822699,11.835966,11.824030,11.820606
12.249616,12.312471,12.205727,12.285341,12.266730,12.266311,12.307701,12.272778,12.240305,12.238037,12.238269
12.847929,12.819418,12.992424,12.860219,12.866809,12.864873,12.882902,12.911706,12.963401,12.950757,13.027475
12.601491,12.535542,12.637346,12.541943,12.547143,12.546330,12.573584,12.647003,12.659244,12.646823,12.617435
11.401681,11.751665,11.662101,11.695616,11.651018,11.654793,11.745511,11.650840,11.685510,11.674008,11.691668
12.694656,12.723138,12.770510,12.714470,12.729069,12.727884,12.712700,12.781122,12.769911,12.769210,12.782991
12.832014,12.759904,12.734406,12.753699,12.747942,12.748281,12.800234,12.729118,12.736881,12.727774,12.763841
11.951187,11.964141,12.101030,12.077434,12.035954,12.039874,12.036202,12.096393,12.078349,12.101470,12.069854
12.007628,11.892139,11.994679,11.916365,11.937827,11.937965,11.922186,11.940013,11.941550,11.976019,11.957571
11.794345,11.807534,11.799238,11.819523,11.817479,11.818770,11.837497,11.819895,11.817096,11.813778,11.855939
11.898195,11.896559,11.838711,11.889598,11.886982,11.886544,11.903094,11.917239,11.911793,11.895652,11.903927
11.957618,11.945913,11.842699,11.937361,11.905753,11.907567,11.917755,11.904725,11.889143,11.856380,11.888215
12.072547,12.077732,12.038093,12.087555,12.103639,12.103048,12.086424,12.149206,12.085414,12.070722,12.083527
11.982935,11.779888,11.840900,11.861472,11.859527,11.860677,11.797613,11.606137,11.612424,11.690071,11.729752
11.362114,11.448666,11.434386,11.456073,11.488813,11.489270,11.458633,11.513726,11.538919,11.494927,11.531674
11.652696,11.529831,11.628513,11.596619,11.617699,11.618828,11.554011,11.630118,11.612430,11.610969,11.599966
11.798112,11.838321,11.926900,11.811190,11.817200,11.816469,11.866908,11.898975,11.891670,11.921073,11.891799
12.059809,12.072233,12.014126,12.110135,12.102313,12.103095,12.093331,12.052979,12.048758,12.053953,12.019494
11.951187,12.026707,11.874938,11.970039,11.916053,11.918668,11.985616,11.946911,11.923502,11.906049,11.918415
11.421917,11.398129,11.512201,11.375352,11.423771,11.422729,11.448438,11.473992,11.429664,11.511247,11.438423
10.460271,10.841164,11.296951,11.004208,10.967078,10.973474,11.101092,11.238372,11.034578,11.140418,11.033829
12.971543,12.884222,12.817239,12.996553,13.035603,13.031886,12.965409,12.810731,12.849906,12.824496,12.908404
12.122696,12.082560,12.104527,12.058000,12.027971,12.028694,12.044415,12.064377,12.083599,12.057646,12.086383
11.775297,11.829305,11.744216,11.806542,11.796716,11.797592,11.823532,11.772784,11.768223,11.779216,11.801677
11.695255,11.757547,11.722455,11.698667,11.692305,11.692479,11.772368,11.820476,11.798401,11.791581,11.774327
11.635152,11.626942,11.658700,11.621126,11.613505,11.614340,11.604941,11.626890,11.634331,11.631555,11.611383
12.331387,12.269055,12.255090,12.261500,12.264189,12.264293,12.268582,12.271573,12.279933,12.257466,12.280091
11.849405,11.918492,11.882054,11.895499,11.889017,11.889397,11.865869,11.853069,11.828021,11.850133,11.865810
12.574185,12.661972,12.392857,12.606783,12.615347,12.616650,12.617188,12.550931,12.494774,12.473456,12.562518
11.898195,11.755263,11.915681,11.766814,11.779567,11.778373,11.781935,11.871940,11.884774,11.878701,11.826902
11.732069,11.673307,11.785119,11.664766,11.695993,11.693947,11.652658,11.650284,11.680718,11.692540,11.699669
12.278398,12.304440,12.279326,12.307743,12.327258,12.326834,12.281890,12.270067,12.293638,12.313685,12.314912
12.246739,12.123278,12.065391,12.119182,12.130777,12.129956,12.142658,12.140152,12.136216,12.128209,12.108546
11.989166,11.977305,11.901094,12.016975,12.073631,12.070171,12.034851,11.938213,11.906182,11.910152,11.912976
11.732069,11.847150,11.830216,11.852395,11.821308,11.823618,11.862955,11.896582,11.894593,11.867565,11.854410
12.013101,11.894604,11.920986,11.941085,11.971867,11.971659,11.926700,12.060248,12.003056,11.964390,12.019542
12.219315,12.255438,12.189824,12.249281,12.249457,12.250201,12.202849,12.169907,12.176051,12.180790,12.172634
11.774528,11.607176,11.720388,11.603259,11.595993,11.596864,11.620050,11.740997,11.717010,11.699805,11.728416
11.805603,11.870360,11.903433,11.895390,11.898379,11.899361,11.880959,11.859884,11.853090,11.874065,11.871397
11.477309,11.130388,11.419798,11.375535,11.465796,11.456489,11.417481,11.449324,11.444362,11.432295,11.414828
12.906349,12.895033,12.939821,12.875459,12.883321,12.882712,12.914307,12.990211,12.980401,12.967159,13.008506
11.970357,11.971366,12.101076,11.994777,12.022290,12.019426,12.042729,12.027368,12.012239,12.044587,11.975180
12.487489,12.462475,12.493887,12.443295,12.444272,12.444692,12.485122,12.511147,12.487775,12.479830,12.456543
12.259618,12.233703,12.179321,12.231959,12.210695,12.212179,12.243484,12.195431,12.159951,12.168622,12.154315
12.363081,12.392205,12.373056,12.406490,12.422020,12.421444,12.446361,12.417785,12.439407,12.424730,12.395369
11.573559,11.442126,11.335698,11.413827,11.410048,11.409433,11.549667,11.405383,11.367985,11.355315,11.417465
11.918397,11.942019,11.945100,11.958745,11.944424,11.946374,11.940483,11.919435,11.933191,11.962437,11.956306
11.976666,12.010716,11.942716,12.028572,12.022670,12.024314,12.012265,11.942113,11.945383,11.963173,11.963503
12.662709,12.590279,12.554396,12.596976,12.582477,12.583335,12.630435,12.587621,12.559767,12.586443,12.601436
12.078245,12.179320,12.120972,12.168002,12.146660,12.148999,12.148205,12.158322,12.103685,12.121800,12.103220
11.790565,11.792732,11.746406,11.772040,11.755618,11.755788,11.822469,11.798688,11.803186,11.797287,11.798263
13.008662,13.013487,12.935749,12.974741,12.976645,12.976430,13.026287,13.045200,12.986230,13.006516,13.028402
11.362114,11.321304,11.219772,11.317709,11.336876,11.334228,11.331621,11.282286,11.259905,11.283302,11.264118
12.209193,12.439324,12.414258,12.449912,12.412951,12.416523,12.442955,12.488837,12.437556,12.366074,12.380455
12.072547,12.112035,12.170624,12.132446,12.127532,12.126480,12.141134,12.133803,12.113923,12.134637,12.110242
11.759793,11.826115,11.784750,11.847367,11.830718,11.828868,11.859330,11.801647,11.793478,11.790131,11.864288
11.585255,11.313838,11.531893,11.480775,11.438199,11.439307,11.408324,11.475113,11.442657,11.461604,11.510595
10.579005,11.059808,11.135471,10.632840,10.664387,10.663681,10.927152,11.000819,10.995002,11.017646,10.947180
12.089544,12.127240,12.139815,12.157030,12.176348,12.175531,12.140183,12.154269,12.200241,12.188793,12.168735
11.585255,11.792861,11.825230,11.765258,11.755419,11.753602,11.674363,11.780957,11.806343,11.789597,11.808466
12.144203,12.211588,12.200583,12.220030,12.221728,12.221357,12.199707,12.197681,12.234925,12.203140,12.240910
11.619544,11.702387,11.711878,11.650323,11.661514,11.661518,11.707416,11.732860,11.742626,11.728610,11.679700
11.970357,11.826212,11.862476,11.812574,11.808777,11.810079,11.838271,11.880368,11.855552,11.860447,11.851428
12.513561,12.409762,12.466959,12.387688,12.394542,12.393416,12.402284,12.454062,12.466559,12.432979,12.489126
12.660331,12.666671,12.763154,12.686027,12.701197,12.698984,12.709479,12.788638,12.767275,12.765276,12.795987
12.421188,12.452068,12.476409,12.458810,12.467020,12.468136,12.430307,12.414208,12.451365,12.464459,12.405646
12.270225,12.123865,12.357033,12.184696,12.159682,12.159971,12.201088,12.207132,12.232838,12.292079,12.278654
11.798112,11.800569,11.811435,11.832085,11.845759,11.838722,11.870337,11.868696,11.833630,11.832723,11.812571
12.098855,12.288203,12.131782,12.308117,12.327224,12.326451,12.288278,12.187728,12.201506,12.230186,12.221904
12.341482,12.394317,12.403193,12.404936,12.416895,12.416522,12.353246,12.319120,12.386396,12.359347,12.348499
12.254868,12.140478,11.959575,12.104991,12.070280,12.070734,12.120537,12.083155,12.064416,12.018314,12.086019
11.771444,11.737881,11.740117,11.741861,11.749110,11.748454,11.730819,11.798291,11.801377,11.759964,11.795362
11.736077,11.712012,11.687224,11.742324,11.723881,11.725897,11.680776,11.750800,11.703074,11.727966,11.751885
12.479913,12.339950,12.345834,12.310931,12.319049,12.318646,12.322131,12.351236,12.310225,12.327493,12.344148
11.849405,11.782065,11.842725,11.798782,11.792665,11.791908,11.847100,11.806047,11.849708,11.830137,11.829768
11.630717,11.667663,11.655642,11.627952,11.631298,11.632765,11.682868,11.639877,11.676151,11.652779,11.667956
12.450982,12.526036,12.512214,12.518035,12.508016,12.508902,12.510939,12.504351,12.513650,12.487986,12.479449
11.589896,11.574423,11.527384,11.538004,11.563833,11.561701,11.525344,11.621350,11.580359,11.597591,11.636273
12.556733,12.527713,12.421472,12.524668,12.496620,12.498303,12.554407,12.459186,12.446286,12.457518,12.416835
11.635152,11.648549,11.634019,11.664467,11.625136,11.626988,11.681705,11.661348,11.681068,11.639523,11.670242
11.856522,11.877369,11.874012,11.867688,11.846384,11.848408,11.860153,11.933653,11.930930,11.918275,11.924575
11.589896,11.110424,11.614500,11.520251,11.431834,11.448727,11.556300,11.731981,11.362902,11.475209,11.350257
12.072547,12.201156,12.113504,12.210806,12.222678,12.222480,12.212808,12.146258,12.187196,12.151707,12.183647
12.363081,12.102941,12.160824,12.120537,12.133533,12.132925,12.093812,12.149863,12.156387,12.132389,12.134952
11.707678,12.032215,11.998185,12.058062,12.012379,12.014935,12.078335,12.012135,11.997954,12.005863,12.018699
12.043560,12.066318,12.009962,12.035504,12.030816,12.029898,12.046858,12.005149,11.969505,11.971324,11.953833
11.589896,11.650541,11.666482,11.679382,11.672392,11.672068,11.665577,11.659282,11.723988,11.699707,11.706467
12.128117,11.999527,12.045462,12.035188,12.052553,12.050449,12.040190,12.082205,12.072299,12.027789,12.028184
12.498746,12.501461,12.415466,12.514278,12.502739,12.505173,12.481058,12.480053,12.467519,12.457103,12.451019
11.759793,11.686554,11.812296,11.718490,11.659008,11.661020,11.685824,11.722507,11.777443,11.760620,11.728262
12.691584,12.711788,12.687339,12.649198,12.647198,12.647980,12.701379,12.617600,12.670994,12.717086,12.651627
12.273736,12.269471,12.254271,12.260170,12.246218,12.247586,12.234180,12.191085,12.206084,12.208838,12.189834
12.665398,12.527565,12.619993,12.562105,12.586354,12.582694,12.514550,12.488231,12.514892,12.578905,12.569980
11.820123,11.832052,11.842091,11.831911,11.823768,11.826008,11.829841,11.893043,11.881166,11.870857,11.860318
11.867806,11.894764,11.816006,11.928640,11.956256,11.954802,11.880892,11.784433,11.817756,11.815714,11.865693
11.695255,11.657246,11.740142,11.678738,11.682050,11.681719,11.686062,11.726219,11.730639,11.724709,11.724050
12.321635,12.316945,12.243196,12.309538,12.281912,12.282098,12.297138,12.291071,12.335409,12.291429,12.343034
12.043560,12.006583,12.033297,12.041781,12.048095,12.047365,11.999300,12.046039,11.998623,12.016843,12.021218
11.842236,11.703281,11.637426,11.744737,11.778721,11.775159,11.740114,11.634588,11.681671,11.676533,11.617057
11.682677,11.620777,11.708917,11.613166,11.624323,11.623292,11.582911,11.603229,11.663286,11.652935,11.640729
11.884496,11.868409,11.928174,11.882656,11.882536,11.883495,11.876600,11.858456,11.933254,11.915352,11.919068
12.010672,12.004690,11.942374,11.979515,11.964694,11.964929,12.045198,12.020684,11.952827,11.978408,11.914914
11.891369,11.947019,11.992387,11.928973,11.943994,11.942522,11.954452,11.947386,11.938643,11.937148,11.929522
11.786770,11.774502,11.799574,11.770195,11.769376,11.768628,11.819372,11.782922,11.783303,11.753439,11.772885
12.111218,12.116268,12.050024,12.118678,12.120109,12.120453,12.111433,12.076865,12.084749,12.080337,12.129628
12.442306,12.775249,12.730941,12.751894,12.746530,12.745728,12.764668,12.813962,12.733729,12.725424,12.766474
11.682677,11.550668,11.688930,11.602529,11.651327,11.652694,11.611823,11.714926,11.689219,11.719238,11.672398
12.691584,12.494754,12.847018,12.524493,12.615804,12.614329,12.522088,12.662150,12.716208,12.738166,12.714022
11.798112,11.875578,11.689171,11.781680,11.767791,11.767797,11.798593,11.774920,11.765570,11.732159,11.773332
12.820991,12.726101,12.824562,12.720609,12.725727,12.725439,12.733901,12.848508,12.842701,12.839855,12.831773
11.775297,11.690368,11.680175,11.704078,11.723286,11.724550,11.716582,11.683951,11.682484,11.657927,11.776942
11.827744,11.788353,11.789671,11.772615,11.777274,11.776981,11.825962,11.787843,11.773269,11.785130,11.781817
11.870607,12.448609,12.092868,12.463022,12.473796,12.476851,12.489901,12.320108,12.287640,12.268428,12.277792
11.283525,11.780402,11.564190,11.516199,11.480240,11.480680,11.530205,11.574978,11.598805,11.525693,11.558202
12.132970,12.106738,12.131127,12.129696,12.154513,12.153536,12.151067,12.175349,12.154065,12.165483,12.144767
13.021329,12.948654,12.969433,12.994179,12.937928,12.944567,13.015700,13.011065,13.086430,12.993816,13.019326
11.835016,11.904528,11.798983,11.886791,11.884905,11.883977,11.905329,11.896061,11.861302,11.842052,11.888016
11.849405,11.865715,11.866660,11.848453,11.835149,11.836391,11.867179,11.874375,11.883063,11.881034,11.862042
11.608245,11.645506,11.688489,11.625398,11.617417,11.617282,11.684085,11.670388,11.677032,11.687023,11.666349
12.672950,12.811716,12.653845,12.749540,12.743616,12.743686,12.724029,12.715522,12.733413,12.684313,12.749565
11.648374,11.538058,11.720944,11.555392,11.581604,11.581845,11.542936,11.652403,11.588471,11.661850,11.593106
12.176654,12.045563,12.170958,12.234656,12.235492,12.237235,12.228450,12.120544,12.129901,12.173164,12.124508
12.289959,12.329114,12.111480,12.325658,12.314127,12.314725,12.348807,12.214346,12.211920,12.127539,12.245055
11.925042,11.921139,11.985703,11.851354,11.893127,11.889672,11.859485,11.919862,11.924691,11.920458,11.926071
12.524530,12.573839,12.470139,12.588059,12.566351,12.567950,12.555739,12.458329,12.463423,12.421606,12.470868
11.856522,11.804843,11.788881,11.791255,11.820995,11.821901,11.829033,11.770223,11.754450,11.760434,11.782905
12.301387,12.289642,12.366122,12.300103,12.332983,12.332241,12.289067,12.287567,12.279626,12.308684,12.333316
11.925042,11.926778,11.945777,11.920880,11.924665,11.925258,11.957107,11.964422,11.980921,11.951561,11.970714
12.305923,12.282209,12.315986,12.299724,12.318621,12.317234,12.290265,12.293231,12.294075,12.300091,12.293332
12.230770,12.228360,12.232140,12.236464,12.250498,12.250017,12.221452,12.199872,12.219587,12.216419,12.219796
11.931642,11.963863,11.900451,11.941239,11.924990,11.926134,11.935490,11.941512,11.950679,11.928591,11.934950
12.323860,12.157991,12.001039,12.177001,12.166769,12.166710,12.142414,12.045216,12.104476,12.118922,12.098501
12.791359,12.738396,12.619667,12.554162,12.570706,12.567550,12.602251,12.744258,12.709808,12.685324,12.691771
11.682677,11.684502,11.690867,11.627184,11.650381,11.650739,11.660745,11.733255,11.667623,11.616910,11.649186
12.653962,12.683883,12.710570,12.693920,12.655078,12.657859,12.713902,12.700560,12.683208,12.722691,12.720334
11.904974,11.873864,11.937985,11.869632,11.895702,11.893299,11.895461,11.952477,11.954301,11.945616,11.937845
12.474193,12.469014,12.472398,12.498636,12.497348,12.497185,12.478709,12.465019,12.474524,12.449347,12.482103
11.898195,11.756560,11.684259,11.765147,11.765294,11.765940,11.800335,11.737162,11.691318,11.703409,11.672756
11.231901,11.347998,11.327096,11.327059,11.319334,11.319560,11.370302,11.289045,11.281835,11.299686,11.275111
11.831386,11.902566,11.894368,11.938419,11.928715,11.929858,11.915140,11.865277,11.842875,11.885656,11.864839
12.118339,12.115935,12.090852,12.141445,12.148673,12.149290,12.125042,12.141281,12.157946,12.138449,12.145842
11.566476,11.687149,11.669844,11.674792,11.636533,11.637556,11.690695,11.629665,11.693076,11.674294,11.693125
12.659737,12.710547,12.696096,12.714001,12.691438,12.691046,12.749161,12.727148,12.629454,12.680544,12.644083
12.628070,12.642232,12.660422,12.663173,12.663672,12.663583,12.623095,12.684397,12.681250,12.674053,12.670453
11.112463,11.198228,11.069743,11.194703,11.186459,11.186637,11.252682,11.086794,11.011322,11.021022,11.009218
12.388398,12.411834,12.433817,12.365679,12.365035,12.364161,12.354189,12.456120,12.437269,12.442556,12.465662
11.813037,11.767594,11.760073,11.763054,11.754331,11.754504,11.791959,11.755066,11.716818,11.737571,11.761878
12.034697,12.020909,12.062297,12.004884,12.010118,12.009059,12.059471,12.095404,12.066604,12.077798,12.050554
12.014615,12.044482,12.056791,12.076090,12.058729,12.058784,12.058568,11.984037,12.012012,12.013559,12.003621
11.982935,11.831576,11.885592,11.850875,11.854256,11.854457,11.883189,11.908501,11.911179,11.899340,11.908181
11.848690,11.761820,11.856621,11.748073,11.754275,11.755107,11.812355,11.818345,11.818931,11.816212,11.804804
11.938200,12.091108,11.975367,12.031754,12.041213,12.039882,11.986424,11.985596,11.966038,11.979895,11.957760
11.813037,12.062777,12.095100,12.066810,12.112398,12.111545,12.124008,12.143658,12.003654,12.098242,12.013954
12.034697,12.129002,11.978682,12.051843,11.948095,11.949796,12.028388,12.020003,11.996886,11.974414,12.013446
11.728045,11.452171,11.751162,11.543114,11.556448,11.555332,11.577492,11.635070,11.599072,11.641482,11.583816
12.252484,12.358270,12.402873,12.350595,12.344378,12.345929,12.334822,12.333888,12.349983,12.332968,12.317893
11.320566,12.103445,12.100988,12.099336,12.109911,12.109409,12.080423,12.063519,12.072376,12.055126,12.078695
11.845110,11.779367,11.829281,11.780595,11.769176,11.771278,11.821107,11.880686,11.891628,11.885711,11.871379
11.877576,11.790291,11.863497,11.826494,11.848188,11.844630,11.832216,11.830694,11.824049,11.876342,11.848535
12.206078,12.006814,12.271575,11.945473,11.965445,11.956328,11.897146,11.921990,12.059484,12.037735,12.065627
11.002117,10.704471,10.992996,10.794193,10.836289,10.832153,10.744526,10.892754,10.765700,10.785686,10.884530
11.440366,11.566170,11.686713,11.573569,11.579605,11.578438,11.557455,11.565462,11.636376,11.611702,11.599926
11.350418,11.465064,11.503937,11.427599,11.405753,11.407116,11.498231,11.480952,11.448220,11.447923,11.430063
12.485831,12.459461,12.513391,12.459754,12.468085,12.467943,12.498862,12.516932,12.534526,12.559079,12.558458
12.520887,12.490571,12.453205,12.507099,12.496820,12.496797,12.542458,12.548309,12.519048,12.496703,12.508677
12.328295,12.408335,12.361748,12.400891,12.395420,12.396309,12.386591,12.381884,12.397409,12.363568,12.375410
12.751303,12.813771,12.694020,12.809711,12.799626,12.798484,12.782602,12.789601,12.736849,12.720535,12.780033
11.931642,11.851669,11.957952,11.890122,11.877442,11.875803,11.950524,11.964083,11.926416,11.943799,11.946948
12.823631,12.718749,12.707495,12.727004,12.710670,12.711950,12.749019,12.758361,12.744401,12.777569,12.799976
11.872354,11.831777,11.843251,11.827549,11.820285,11.820810,11.807305,11.815544,11.867268,11.841885,11.849911
11.495789,11.525698,11.552477,11.526754,11.504611,11.506913,11.539817,11.573498,11.568566,11.541409,11.537257
11.951187,11.843293,11.871074,11.862895,11.870160,11.868516,11.871590,11.891701,11.848578,11.871975,11.855826
11.951187,11.930894,11.985693,11.906730,11.887697,11.886877,11.981205,11.955467,11.987323,12.005432,11.940659
11.344519,11.334640,11.301536,11.303603,11.260729,11.262218,11.306434,11.214069,11.214712,11.216085,11.197442
12.235394,12.247753,12.166277,12.244178,12.219840,12.221672,12.239374,12.227296,12.250212,12.219260,12.214795
11.589896,11.637379,11.642577,11.602169,11.602235,11.601957,11.594467,11.580497,11.595577,11.647167,11.581755
12.160034,12.159218,12.188673,12.177947,12.190155,12.189572,12.162177,12.153388,12.164951,12.151851,12.184279
11.813037,11.836750,11.807613,11.774583,11.786949,11.784846,11.821122,11.762806,11.737260,11.797185,11.828660
12.765691,12.757161,12.751424,12.793185,12.772236,12.773112,12.797239,12.889878,12.823668,12.816167,12.764063
11.385103,11.427861,11.519027,11.401529,11.412857,11.411760,11.478191,11.449297,11.399179,11.442104,11.369112
11.887938,11.911181,11.849130,11.906154,11.898760,11.900003,11.861019,11.930794,11.894556,11.883864,11.922724
11.911708,12.043862,11.998489,11.993834,11.977361,11.978048,12.050694,12.066323,12.096181,12.080537,12.103163
11.487618,11.721911,11.871205,11.694411,11.726362,11.725658,11.698161,11.761956,11.776491,11.787444,11.758876
12.025755,12.086056,11.982056,12.101440,12.090387,12.091091,12.035883,11.959273,11.984968,11.989386,11.966471
12.195522,12.224435,12.187346,12.204272,12.222029,12.220253,12.214860,12.238115,12.242552,12.202420,12.240547
12.904210,12.950788,12.714756,12.935023,12.899438,12.902168,12.890465,12.793085,12.832723,12.796860,12.867205
11.608245,11.765281,11.984827,11.881109,11.807641,11.811538,11.864611,11.800915,11.681994,11.791476,11.676107
11.831386,11.835400,11.825963,11.805482,11.804689,11.804314,11.841985,11.857456,11.820523,11.803282,11.811237
12.955130,12.814545,12.827027,12.844155,12.798582,12.799643,12.879786,12.897823,12.889689,12.810052,12.883844
12.348010,12.340278,12.426236,12.358643,12.393943,12.391959,12.343513,12.366346,12.384755,12.391504,12.424804
11.767575,11.842010,12.209829,11.982461,11.939195,11.941334,12.017674,12.107679,12.064863,12.165952,11.988896
12.173038,12.236738,12.225122,12.232278,12.243535,12.243455,12.232567,12.244588,12.252167,12.243286,12.250879
12.031725,11.966669,11.980961,12.072803,12.028825,12.030640,12.054899,11.988634,12.040642,12.021275,12.025290
11.831386,11.663522,11.575830,11.622187,11.644708,11.644923,11.686099,11.697108,11.661072,11.663118,11.665870
12.063939,12.086568,12.084875,12.119596,12.142666,12.141069,12.103061,12.068379,12.062969,12.076716,12.070534
11.548302,11.567847,11.755597,11.594174,11.657507,11.648902,11.634468,11.742467,11.656343,11.683178,11.633430
12.013707,12.057133,12.053053,12.072528,12.051094,12.051000,12.071557,12.081569,12.066823,12.081476,12.078355
12.458779,12.574645,12.313354,12.531356,12.502119,12.503872,12.465935,12.411655,12.443091,12.404060,12.416594
11.849405,11.891936,11.963584,11.904809,11.913000,11.913501,11.883241,11.914510,11.953671,11.953914,11.964025
11.908347,11.911947,11.922051,11.868951,11.841492,11.840955,11.888475,11.871664,11.876263,11.893750,11.861696
11.373675,11.378169,11.632769,11.519077,11.527462,11.529124,11.404676,11.515914,11.596938,11.564586,11.590782
11.603689,11.562886,11.547656,11.584341,11.587446,11.587704,11.631034,11.609752,11.600106,11.633269,11.577686
12.827995,12.729602,12.722689,12.704164,12.702788,12.703084,12.737832,12.707323,12.767537,12.690811,12.748225
11.763692,11.742182,11.794714,11.716960,11.718807,11.718349,11.751375,11.762584,11.742204,11.758439,11.766701
11.870607,11.750541,11.775891,11.759234,11.747447,11.748337,11.797259,11.773301,11.746284,11.754733,11.804234
11.979392,11.553744,11.737261,11.552835,11.586735,11.578521,11.587399,11.596899,11.601479,11.636621,11.606898
12.061053,12.031555,12.075267,12.019442,12.012344,12.013253,12.050152,12.039329,12.036691,12.113076,12.047560
12.560248,12.579381,12.569951,12.580074,12.583272,12.583479,12.549007,12.506718,12.532658,12.545491,12.574525
12.305923,12.293395,12.273333,12.324154,12.285848,12.289101,12.299010,12.248832,12.262921,12.239096,12.249016
12.242891,12.338418,12.365872,12.284471,12.312021,12.310319,12.306464,12.251779,12.278457,12.240465,12.296287
12.336557,12.334124,12.267105,12.343326,12.338311,12.338820,12.338111,12.320693,12.352995,12.309927,12.312472
11.910365,11.953613,11.915878,12.002900,12.002947,12.003256,11.922424,11.948140,11.936178,11.953134,11.940331
12.879020,12.489719,12.334986,12.501096,12.517224,12.519263,12.496356,12.357440,12.341538,12.336029,12.365442
12.179220,12.234124,12.109197,12.234276,12.206401,12.208830,12.210049,12.140430,12.131902,12.113941,12.072852
11.856522,11.873362,11.896157,11.887775,11.885342,11.885889,11.882084,11.907870,11.909546,11.900925,11.907192
13.534474,13.389177,13.186307,13.379124,13.402236,13.397748,13.434291,13.216004,13.257641,13.247322,13.205841
12.721889,12.652050,12.559454,12.607831,12.602267,12.601220,12.602327,12.688829,12.647079,12.600503,12.627240
11.594330,11.380881,11.686218,11.462432,11.499909,11.497044,11.498753,11.540931,11.565328,11.578957,11.550757
11.860062,11.831263,11.759861,11.794585,11.774493,11.775400,11.805139,11.750325,11.709648,11.749843,11.763804
12.078245,12.055649,12.000016,12.053814,12.070397,12.070631,12.052017,12.035879,12.045098,12.026718,12.069719
11.396403,11.451910,11.358488,11.461554,11.456707,11.455596,11.442885,11.413630,11.332057,11.335917,11.402640
11.724005,11.732716,11.739045,11.717724,11.712692,11.712343,11.797900,11.761355,11.722717,11.747215,11.760427
11.838633,11.799619,11.789654,11.818233,11.808069,11.809932,11.802660,11.827374,11.821787,11.839530,11.806258
12.185875,12.206892,12.148440,12.240116,12.190176,12.193825,12.199717,12.172627,12.155124,12.162128,12.156936
12.652363,12.606229,12.614350,12.609958,12.601348,12.601359,12.616456,12.638646,12.600188,12.617398,12.612532
11.849405,11.872513,11.951735,11.877800,11.886156,11.886398,11.879665,11.885490,11.873231,11.886102,11.859518
12.799178,12.786757,12.674104,12.735762,12.734808,12.735502,12.756442,12.762673,12.716878,12.709122,12.714269
11.849405,11.691786,11.833298,11.749868,11.795782,11.793700,11.801817,11.857925,11.852968,11.863855,11.861811
12.269052,12.281365,12.238098,12.278139,12.266387,12.265541,12.289765,12.236780,12.250517,12.239428,12.255014
10.915107,11.044818,11.263860,11.070324,11.077724,11.077487,11.232450,11.177051,11.075471,11.138398,11.139733
12.618186,12.605177,12.490027,12.609565,12.605526,12.604834,12.668233,12.572538,12.564432,12.529893,12.608880
12.445093,12.345150,12.304548,12.350143,12.343261,12.344093,12.334267,12.274754,12.299577,12.309512,12.288613
12.098159,12.158845,12.098280,12.213150,12.213974,12.213150,12.141591,12.114200,12.180410,12.175941,12.206391
11.607335,11.534333,11.655042,11.539351,11.548312,11.549253,11.585739,11.640264,11.626064,11.643777,11.602039
10.859018,11.029125,11.327997,11.099478,11.058496,11.058625,11.125458,11.177343,11.224848,11.225349,11.130954
11.540317,11.204985,11.588310,11.494849,11.358673,11.369500,11.457848,11.517823,11.348571,11.448907,11.293447
12.149508,12.217632,12.175384,12.218824,12.222158,12.223857,12.210390,12.164116,12.188851,12.200133,12.201009
11.767575,11.811227,11.665912,11.696418,11.644049,11.646716,11.711501,11.672542,11.691047,11.700752,11.656047
11.779136,12.033705,12.055642,12.121447,12.146529,12.145515,12.067523,12.114205,12.134072,12.117922,12.087154
12.013707,11.852146,11.970290,11.864017,11.866733,11.866695,11.905643,11.906795,11.918453,11.924145,11.902675
11.979805,12.185706,12.265478,12.162299,12.147559,12.148915,12.231920,12.181439,12.135979,12.168522,12.189380
11.964007,11.929583,11.940317,11.917845,11.936643,11.935021,11.960315,11.970217,11.944282,11.952411,11.945745
12.739641,12.696071,12.601011,12.633761,12.592029,12.592952,12.645701,12.673154,12.670819,12.645040,12.631261
11.763692,11.759655,11.776367,11.772776,11.763578,11.763337,11.782504,11.803526,11.799406,11.810834,11.811134
12.524530,12.497652,12.527064,12.470520,12.486562,12.488070,12.399578,12.504866,12.445151,12.480534,12.439482
11.870607,11.844039,11.882055,11.853712,11.848749,11.849120,11.869318,11.893460,11.877970,11.878654,11.870915
11.732069,11.719039,11.654491,11.688577,11.665616,11.667774,11.753141,11.725080,11.697418,11.685452,11.718480
11.813037,11.827908,11.734232,11.810246,11.815788,11.815251,11.821978,11.726545,11.756324,11.730733,11.756172
12.676079,12.542807,12.663231,12.589170,12.596975,12.596288,12.593250,12.638481,12.630344,12.689198,12.720813
11.699413,11.654396,11.652406,11.621296,11.631596,11.628640,11.653552,11.684748,11.667603,11.677338,11.678331
12.310437,12.518727,12.176465,12.501553,12.507733,12.506269,12.492571,12.364796,12.329842,12.304158,12.334121
12.178193,12.191854,12.179049,12.184583,12.193524,12.193030,12.191199,12.167930,12.158561,12.141876,12.137603
11.608245,11.961469,11.847279,11.959781,11.966520,11.965548,11.920563,11.811674,11.797174,11.777059,11.829208
11.542494,11.440481,11.486852,11.394415,11.460500,11.454495,11.379087,11.418148,11.422758,11.392454,11.421915
12.373708,12.387390,12.466804,12.360021,12.363740,12.363507,12.404333,12.430428,12.459201,12.431358,12.459150
12.141539,12.180340,12.073950,12.199642,12.172203,12.174414,12.165806,12.138898,12.137444,12.140864,12.133178
12.312687,12.375201,12.363919,12.382023,12.384941,12.384390,12.374944,12.376685,12.351473,12.378213,12.382009
11.786009,11.789927,11.811719,11.765128,11.779052,11.778335,11.811563,11.802219,11.796325,11.814400,11.803506
11.589896,11.659322,11.699072,11.626052,11.615062,11.616301,11.708136,11.721862,11.672711,11.690687,11.654557
12.001512,12.148841,11.980748,12.022498,11.979652,11.981639,12.066213,12.103354,12.063841,12.038435,12.128094
11.445727,11.316193,11.389921,11.294891,11.319294,11.318329,11.361870,11.349247,11.394573,11.322450,11.345341
12.387982,12.346769,12.352146,12.355717,12.365185,12.365827,12.336188,12.330222,12.327838,12.340857,12.346127
12.095147,11.858907,11.852404,11.875519,11.898232,11.899440,11.919266,11.886453,11.906310,11.908703,11.865078
12.154785,12.158223,12.206141,12.162937,12.172107,12.171332,12.161609,12.197807,12.209661,12.198550,12.184241
11.790565,11.563699,11.680278,11.604744,11.620519,11.617345,11.663810,11.733075,11.706239,11.677980,11.675944
11.863589,11.832951,11.806685,11.869105,11.881034,11.881956,11.834542,11.825375,11.837703,11.837544,11.874904
12.095147,12.046634,12.130918,12.030324,12.059277,12.057062,12.027644,12.046896,12.040109,12.072899,12.041726
12.072547,11.947373,11.902137,11.969065,11.987773,11.986365,11.967607,12.047231,12.010589,11.974312,12.019697
12.100718,12.333549,12.271953,12.310447,12.302003,12.302009,12.265827,12.225961,12.259300,12.257179,12.265538
12.610874,12.727939,12.660341,12.728408,12.745448,12.744896,12.716975,12.703764,12.727723,12.710923,12.762219
12.371591,12.317790,12.368215,12.302107,12.318342,12.317307,12.310153,12.362197,12.358503,12.400394,12.360354
12.491176,12.268725,12.456053,12.274349,12.211106,12.213977,12.299604,12.327344,12.441553,12.401582,12.305595
12.469978,12.414634,12.421410,12.441644,12.433512,12.434353,12.421106,12.439808,12.394115,12.415863,12.384666
11.492733,11.361866,11.379293,11.417478,11.394925,11.397251,11.380122,11.318253,11.292325,11.318190,11.270232
11.477309,11.332847,11.424127,11.352191,11.319409,11.320964,11.418916,11.348881,11.423564,11.385998,11.375020
11.995358,11.983336,12.049140,11.967006,11.967209,11.965895,11.961859,11.995686,11.994340,12.003520,12.001058
12.287657,12.237822,12.183871,12.245087,12.249574,12.249442,12.231584,12.222730,12.238727,12.229477,12.210694
12.526347,12.530168,12.513260,12.494951,12.491931,12.492310,12.496209,12.479711,12.492644,12.485194,12.467813
11.957618,11.951256,11.884344,11.956974,11.965495,11.964521,11.953613,11.922240,11.916299,11.918451,11.946647
12.058158,12.005453,12.004655,11.979290,11.962431,11.964164,12.037640,12.015074,11.986291,11.986628,11.965981
12.264346,12.301357,12.309627,12.302801,12.311336,12.310444,12.293889,12.274773,12.287393,12.274476,12.271728
11.976037,11.839267,11.964759,11.885674,11.906699,11.904881,11.913249,11.947846,11.926665,11.943365,11.883813
12.097379,12.023329,12.022308,11.997598,11.992785,11.993594,12.053488,12.026096,12.043690,12.017764,12.036102
12.577640,12.603103,12.669500,12.577090,12.572537,12.572778,12.586187,12.633625,12.648803,12.659535,12.632023
11.755879,11.705109,11.728866,11.681872,11.668546,11.668450,11.717021,11.776204,11.775811,11.712213,11.741930
11.512935,11.540332,11.754640,11.583948,11.599621,11.599595,11.553688,11.644514,11.653760,11.673771,11.649030
12.279328,12.231501,12.140798,12.226195,12.188753,12.189744,12.230679,12.221597,12.198689,12.217220,12.197989
12.727841,12.667417,12.645823,12.650160,12.645240,12.645970,12.675710,12.678681,12.647882,12.654475,12.648978
12.506181,12.467275,12.338928,12.467302,12.483462,12.482238,12.427319,12.491522,12.473638,12.397791,12.485263
12.484208,12.441244,12.464299,12.472554,12.458159,12.457600,12.492669,12.546984,12.540598,12.521591,12.591389
12.188423,12.128303,12.144139,12.115160,12.126803,12.124984,12.152001,12.119655,12.068313,12.108574,12.110704
11.982935,11.996726,12.109519,12.034254,12.011949,12.012720,12.053256,12.046950,12.070513,12.074492,12.066906
12.286906,12.305288,12.367936,12.332518,12.357051,12.356504,12.320324,12.391274,12.374838,12.314370,12.372319
13.195616,13.136589,12.935539,13.228669,13.162020,13.166779,13.216726,13.152481,13.129599,13.079953,13.066080
11.812296,11.786385,11.782591,11.750077,11.744505,11.745305,11.824263,11.764373,11.741651,11.758215,11.755785
11.532738,11.683958,11.680253,11.711797,11.689357,11.692072,11.731498,11.698883,11.718876,11.676454,11.698653
11.580593,11.783094,11.888630,11.814082,11.819614,11.819513,11.824788,11.843257,11.824045,11.844533,11.851788
11.648339,11.659373,11.703372,11.625563,11.619393,11.620910,11.635604,11.687126,11.701634,11.697427,11.692491
12.886644,12.686117,12.642929,12.675469,12.660467,12.661019,12.658084,12.574460,12.548148,12.581961,12.493752
11.995358,11.919615,12.005303,11.942687,11.952446,11.950974,11.977550,11.984183,12.008605,12.006203,12.003829
12.308182,12.373947,12.334119,12.387162,12.386762,12.387267,12.393927,12.308083,12.310354,12.343066,12.315477
11.867104,11.810333,11.805421,11.796661,11.785207,11.786204,11.843726,11.864714,11.828675,11.849138,11.825663
11.877576,11.863253,11.800294,11.796533,11.794658,11.788864,11.789736,11.816693,11.818101,11.808153,11.778963
11.813037,11.911900,11.886672,11.858403,11.837088,11.837100,11.866082,11.877852,11.872052,11.860119,11.866250
12.078245,11.995316,12.072299,11.970765,11.995416,11.993960,11.983885,12.019271,12.041338,12.074077,12.040987
12.077677,12.023703,12.093333,12.067162,12.080245,12.079742,12.059100,12.078660,12.086887,12.093143,12.100973
12.139404,12.164046,12.177351,12.170693,12.171517,12.170813,12.164937,12.157550,12.150327,12.139092,12.119596
12.016733,11.994477,11.941768,12.032494,12.032138,12.030320,12.039350,12.039506,11.979465,11.986223,12.003037
11.759793,11.679714,11.835451,11.686174,11.693976,11.693264,11.716394,11.875703,11.839580,11.799815,11.821828
11.992267,12.006452,11.977332,11.972748,11.971068,11.973727,11.979563,12.024251,11.975288,11.966928,12.002976
11.842236,11.785985,11.760700,11.740897,11.765247,11.763550,11.676229,11.687591,11.719481,11.709313,11.793750
12.358798,12.334726,12.364015,12.341634,12.340864,12.341578,12.345109,12.352100,12.333096,12.356603,12.328149
11.588969,11.578428,11.621314,11.553847,11.532896,11.534073,11.580435,11.585537,11.635653,11.621401,11.629624
12.141539,12.337633,12.231336,12.345107,12.331147,12.332693,12.319609,12.280809,12.291954,12.252582,12.245062
11.984185,12.016880,12.031908,11.991338,11.988053,11.987924,12.016536,12.010648,12.012921,12.027359,12.001937
11.896833,11.932522,11.944301,11.944817,11.935790,11.935269,11.932698,11.945814,11.974740,11.963443,11.947352
12.505403,12.456895,12.334890,12.485328,12.461634,12.464384,12.462144,12.382783,12.359373,12.384426,12.350373
12.323860,12.405793,12.404397,12.413998,12.381441,12.381261,12.396007,12.307744,12.342280,12.352089,12.328118
12.178193,12.213983,12.193208,12.198907,12.211482,12.211186,12.192743,12.177120,12.188938,12.208797,12.206437
12.049425,11.965543,12.003510,11.972321,11.984177,11.982599,12.036484,12.010451,11.977804,11.966045,11.976664
11.874097,11.852067,11.856081,11.863211,11.876042,11.876118,11.873481,11.844199,11.831920,11.843970,11.818125
11.608245,11.494432,11.621184,11.440731,11.424373,11.424895,11.513201,11.615950,11.585948,11.601808,11.579114
13.091906,13.042296,13.030504,12.994875,12.966919,12.968594,13.039888,13.150399,13.091726,13.127677,13.009743
12.072547,11.998701,11.906093,11.960902,11.928981,11.929318,11.971070,11.942793,11.864988,11.934440,11.903263
12.206078,12.259347,12.153037,12.212543,12.142900,12.147153,12.198370,12.248156,12.255284,12.208490,12.193509
11.607335,11.752791,11.699432,11.702050,11.721269,11.722841,11.724924,11.720632,11.734006,11.720216,11.699250
12.149508,12.192739,12.087955,12.216286,12.209638,12.209693,12.176454,12.101996,12.133838,12.119697,12.141698
13.275829,13.006150,13.043132,12.993675,12.977040,12.977297,13.047880,13.138232,13.068380,13.059615,13.006274
11.678448,11.522752,11.765312,11.573260,11.583074,11.582470,11.625931,11.659270,11.580139,11.625928,11.630616
12.335701,12.232500,12.204294,12.268879,12.268285,12.267377,12.270340,12.259091,12.196333,12.224219,12.227873
11.816734,11.784881,11.784966,11.781929,11.763368,11.764993,11.781056,11.798351,11.835715,11.824592,11.811552
12.317171,12.218668,12.029163,12.245965,12.215247,12.215907,12.276229,12.233579,12.220467,12.201797,12.214877
11.982623,11.846848,11.863124,11.848027,11.835737,11.836061,11.885759,11.896525,11.910816,11.883079,11.907693
11.571204,11.892406,11.736612,11.853475,11.824587,11.824175,11.728837,11.721919,11.710877,11.691740,11.714206
12.106258,12.309640,12.019611,12.193352,12.135299,12.139911,12.209839,12.003454,12.043767,12.021053,12.129733
11.881042,12.002481,11.877615,11.918179,11.872443,11.876579,11.926793,11.898886,11.920443,11.908904,11.928523
10.933000,11.167593,11.466616,11.345849,11.299091,11.307258,11.396941,11.546020,11.299897,11.354830,11.279490
11.969724,11.971420,11.927635,11.949311,11.949362,11.948686,11.998463,11.886433,11.927761,11.902947,11.910962
11.661354,11.684692,11.658007,11.663809,11.630496,11.635207,11.674600,11.673427,11.639459,11.669039,11.628849
12.323416,12.262781,12.310468,12.247755,12.246674,12.246264,12.253431,12.243615,12.248404,12.236771,12.241961
11.827744,11.798557,11.748431,11.798733,11.814543,11.814687,11.865645,11.830051,11.833921,11.800274,11.856078
12.509878,12.508734,12.501552,12.527165,12.527726,12.527209,12.517918,12.544642,12.560234,12.554848,12.563144
11.951187,11.933051,11.890365,11.938839,11.910493,11.912579,11.955864,11.919546,11.919528,11.902511,11.883775
12.319406,12.359692,12.253411,12.350964,12.342202,12.344278,12.322185,12.280940,12.308385,12.293994,12.337182
12.117247,12.101487,12.169582,12.106844,12.116073,12.115260,12.103829,12.130205,12.153396,12.159226,12.134422
11.440366,11.465157,11.531023,11.389361,11.366466,11.367806,11.401569,11.356697,11.476675,11.437286,11.465373
12.323860,12.177597,12.162882,12.205174,12.236512,12.233255,12.200203,12.212859,12.104537,12.155933,12.150812
11.845827,11.902065,11.868685,11.892718,11.876411,11.878649,11.911852,11.921571,11.899343,11.889517,11.904653
12.357080,12.398676,12.394421,12.395872,12.401477,12.402403,12.355792,12.384932,12.373645,12.383827,12.393262
12.861001,12.956162,13.021815,12.935702,12.944536,12.943206,13.028679,12.981556,13.078797,13.080141,13.104757
11.603689,11.691973,11.565999,11.655225,11.606367,11.610049,11.530387,11.559082,11.584713,11.541890,11.564798
12.149508,12.183100,12.163135,12.195472,12.193922,12.194182,12.176016,12.159832,12.192546,12.189168,12.204821
12.128117,12.216162,12.014674,12.276115,12.245008,12.248420,12.282590,12.159630,12.107666,12.092885,12.168090
11.900912,11.923613,11.924972,11.918467,11.915946,11.917034,11.932397,11.906218,11.908402,11.939085,11.941665
12.019749,12.050334,11.969223,12.063542,12.062314,12.062552,12.011277,12.012738,12.007246,11.958449,12.042188
11.925042,11.941000,11.904994,11.926202,11.936160,11.936164,11.919110,11.894696,11.915946,11.918963,11.927947
12.375820,12.355041,12.301772,12.375473,12.379665,12.379603,12.367232,12.357215,12.346573,12.327932,12.338251
12.025755,12.007919,11.981791,12.016605,12.042780,12.041310,11.980699,12.024062,11.941797,11.960306,11.998085
11.849048,11.798820,11.845950,11.794718,11.804083,11.804134,11.825382,11.832832,11.833060,11.842306,11.841543
11.759793,11.716075,11.781275,11.764240,11.737413,11.738590,11.813302,11.817476,11.766091,11.803153,11.782207
11.941462,11.879128,11.839438,11.898205,11.906075,11.903474,11.946929,11.790325,11.843655,11.866412,11.858248
11.512935,11.514603,11.459539,11.491444,11.511721,11.510857,11.500104,11.461517,11.493343,11.479606,11.483496
11.877576,11.931700,11.858302,11.903444,11.894525,11.895223,11.910143,11.922131,11.887228,11.891031,11.897221
11.779136,11.766418,11.715957,11.771698,11.761069,11.761165,11.773537,11.780635,11.745095,11.741440,11.780972
11.849405,11.846626,11.805523,11.847185,11.835492,11.837780,11.866397,11.824522,11.771406,11.790558,11.821953
11.967187,11.933037,11.803801,11.954133,11.923310,11.924816,11.974235,11.850983,11.827567,11.844298,11.841071
12.071975,12.009751,11.934098,11.978805,11.952219,11.951263,11.959731,11.992234,12.003813,11.967145,11.992401
11.856522,11.587799,11.843376,11.648125,11.701749,11.697728,11.696561,11.650097,11.729557,11.704300,11.656274
11.944065,11.795510,11.778496,11.815981,11.814447,11.813400,11.855273,11.822585,11.871137,11.869596,11.817140
12.049425,12.073733,12.128800,12.097682,12.126255,12.126710,12.113181,12.117639,12.018439,12.088904,12.062026
12.269052,12.229935,12.171519,12.258999,12.261637,12.261688,12.235339,12.206399,12.220474,12.234430,12.190117
11.801864,11.779611,11.762135,11.772388,11.771427,11.771803,11.770619,11.801278,11.790274,11.801651,11.793055
12.388398,12.339252,12.186366,12.304812,12.272005,12.276510,12.386062,12.285870,12.273749,12.272515,12.287308
12.138869,12.052322,12.077591,12.073405,12.081586,12.080069,12.041129,12.072925,12.108582,12.110343,12.068455
11.786770,11.820879,11.869814,11.815363,11.827016,11.825657,11.842540,11.872850,11.867675,11.868334,11.864154
12.278398,12.161084,12.224511,12.165475,12.156956,12.156805,12.138307,12.204801,12.210725,12.218243,12.251764
12.007628,12.197029,11.957181,12.096158,12.067671,12.068410,12.065010,11.990238,12.036095,11.986259,12.058966
11.970357,12.093789,12.026730,12.094588,12.079608,12.080674,12.058278,12.048451,12.040848,12.032227,12.021212
12.043560,12.073313,12.055723,12.051611,12.064562,12.063010,12.029782,12.050203,12.036994,12.044966,12.039369
11.751950,11.876061,11.820629,11.878407,11.867630,11.869743,11.903427,11.906510,11.850243,11.867230,11.855284
11.898195,11.920706,11.869426,11.911441,11.936854,11.935709,11.910294,11.871340,11.897490,11.868419,11.873194
12.066816,11.905244,11.999385,11.894298,11.922032,11.919718,11.921265,11.928648,11.950027,11.989203,11.943726
11.931642,11.949098,12.034150,11.949165,11.952804,11.952083,11.975689,11.994613,11.972144,11.991266,11.985645
12.429220,12.335600,12.370449,12.338340,12.367194,12.365999,12.357892,12.378998,12.393167,12.387005,12.415410
12.154521,11.994301,11.966287,12.017705,12.030549,12.030137,12.052928,12.042915,12.042579,12.049854,12.080944
11.786770,11.843489,11.828316,11.783573,11.796565,11.796751,11.759970,11.758986,11.823076,11.818323,11.832404
11.931642,11.860264,11.891794,11.888385,11.878207,11.878177,11.867885,11.888823,11.876221,11.887260,11.837146
11.794345,11.911878,11.837296,11.866565,11.834052,11.834942,11.868549,11.887650,11.833585,11.848864,11.839226
12.431538,12.244665,12.201780,12.221768,12.215453,12.216370,12.234018,12.251775,12.229059,12.199870,12.240089
11.908347,11.832189,11.795883,11.815824,11.802458,11.803579,11.829502,11.797872,11.802542,11.795554,11.827962
12.424811,12.474563,12.459813,12.457314,12.456975,12.455984,12.429869,12.472539,12.511466,12.503541,12.522915
11.767575,11.770432,11.787495,11.706785,11.683254,11.683912,11.761594,11.831485,11.799364,11.791251,11.774560
12.037660,12.030580,11.930939,12.010364,11.994237,11.998172,12.041977,11.959767,11.981835,11.952970,11.958468
12.371591,12.355746,12.332327,12.359657,12.371422,12.371194,12.356534,12.336975,12.326719,12.352309,12.333131
11.603689,11.523755,11.563355,11.506004,11.476578,11.477080,11.542846,11.529145,11.539319,11.545689,11.521586
12.208575,12.112095,12.135050,12.102679,12.110673,12.109864,12.149590,12.134564,12.126990,12.128021,12.111394
11.661354,11.785297,11.584840,11.606117,11.642610,11.636490,11.581818,11.749704,11.706990,11.664135,11.723389
11.798112,11.256498,11.728020,11.682258,11.788567,11.787598,11.720495,11.778421,11.772832,11.758699,11.634052
11.104972,11.411937,11.586195,11.411002,11.426228,11.423887,11.435482,11.432358,11.442925,11.489857,11.400222
12.623064,12.722935,12.664766,12.702493,12.680850,12.682403,12.680244,12.694521,12.706984,12.652816,12.689875
11.792457,11.871672,11.787077,11.846279,11.835686,11.834860,11.844975,11.818382,11.801673,11.790158,11.816454
12.765691,12.764607,12.718085,12.738806,12.734709,12.735426,12.725814,12.650718,12.726743,12.729949,12.736466
11.904974,11.885098,11.925776,11.917814,11.900538,11.902192,11.968694,11.896531,11.927938,11.899118,11.955518
11.824087,11.795539,11.796679,11.803751,11.807207,11.808302,11.814098,11.890183,11.813368,11.791071,11.804077
11.964007,11.933026,11.926261,11.915608,11.904145,11.904472,11.965948,11.966014,11.975149,11.944901,11.955159
12.141539,12.298139,12.249244,12.281914,12.300807,12.299726,12.250740,12.249147,12.239637,12.201577,12.265533
12.089544,12.009602,12.095860,12.037599,12.026961,12.027696,12.071397,12.045450,12.022645,12.053409,12.052667
11.682677,11.756137,11.715190,11.825758,11.758707,11.760008,11.763407,11.677314,11.709575,11.744403,11.689303
11.512935,11.561758,11.682645,11.544822,11.561465,11.560241,11.618068,11.670946,11.667067,11.662592,11.677979
12.703512,12.401178,12.605941,12.432271,12.440578,12.438187,12.435303,12.467549,12.531230,12.560910,12.526260
11.884496,11.963895,12.009318,11.964976,11.989758,11.987672,11.949128,12.005481,11.934544,11.952928,11.868725
11.816734,11.885642,11.802769,11.898783,11.902756,11.903173,11.897939,11.834866,11.845049,11.820449,11.849303
12.498746,12.526325,12.614313,12.580859,12.650394,12.647728,12.489462,12.602009,12.647244,12.642873,12.594906
11.915058,12.010679,11.996642,12.006165,12.007426,12.007690,12.012427,12.004059,11.984500,11.951600,11.990977
11.719134,11.591994,11.662316,11.634050,11.622813,11.623358,11.607670,11.613788,11.641554,11.674547,11.626981
12.058158,12.026542,12.039752,12.021990,12.032955,12.032155,12.057547,12.021829,12.009211,11.998779,12.015254
11.947956,11.907998,11.875993,11.921204,11.920459,11.922363,11.918844,11.851473,11.898396,11.881515,11.898285
12.013707,11.932402,11.927430,11.916342,11.872386,11.871169,11.918517,11.913875,11.925522,11.938386,11.919614
11.685693,11.546798,11.694860,11.630269,11.653965,11.654035,11.668327,11.745528,11.690618,11.694445,11.674635
11.849405,11.958767,12.021785,11.974218,11.988525,11.988664,11.974243,12.003872,12.013585,12.012836,12.014086
11.575910,11.413943,11.525102,11.356903,11.417688,11.412164,11.433210,11.397075,11.370029,11.363758,11.398922
11.870278,11.892502,11.903318,11.779032,11.772453,11.775272,11.933521,11.867251,11.850316,11.854712,11.850648
13.323929,12.996287,13.007122,12.998150,12.996103,12.996350,13.073999,13.090255,13.082679,13.095764,13.050638
11.813037,11.763998,11.828268,11.780541,11.782970,11.782597,11.788157,11.821577,11.814149,11.834895,11.820837
11.608245,11.616491,11.671563,11.597756,11.585670,11.585941,11.660993,11.681752,11.670613,11.678869,11.644562
11.938200,11.938349,11.865736,11.931879,11.920813,11.921845,11.911202,11.884279,11.899238,11.886371,11.854768
12.100718,12.078698,12.087292,12.104096,12.115617,12.115347,12.082029,12.079498,12.108439,12.107636,12.099700
12.388398,12.438307,12.395744,12.453289,12.455609,12.455924,12.434036,12.406970,12.407803,12.405543,12.398915
11.740069,11.635265,11.723401,11.631874,11.598699,11.599584,11.689407,11.703312,11.703886,11.702061,11.694590
11.759793,11.703388,11.790794,11.685192,11.682340,11.682633,11.687239,11.777614,11.771234,11.784510,11.749107
12.449023,12.498321,12.464897,12.533846,12.501770,12.503808,12.536982,12.501983,12.481689,12.479459,12.509063
12.429220,12.311406,12.281794,12.284855,12.335658,12.333318,12.287237,12.396419,12.409718,12.321478,12.423981
11.782960,11.719865,11.776592,11.730381,11.735407,11.734656,11.800672,11.788023,11.798059,11.804767,11.782213
12.066816,12.079872,12.070326,12.103513,12.105217,12.105581,12.088765,12.077607,12.129822,12.117273,12.131984
11.946661,12.009503,11.921706,11.981760,11.986906,11.986638,11.961885,11.941810,11.916445,11.922027,11.960877
11.874097,11.990855,11.924396,11.948048,11.956154,11.955624,11.937932,11.905245,11.906945,11.923572,11.902477
11.385103,11.568461,11.580357,11.539469,11.534224,11.535731,11.614016,11.524146,11.542642,11.502335,11.531680
11.884496,12.027624,11.851212,12.000052,12.013250,12.013658,11.936394,11.904072,11.937689,11.874352,11.943502
12.065281,12.019966,11.901749,12.021220,12.018185,12.018714,12.000818,12.056863,12.032151,12.005927,12.060209
11.225257,11.284975,11.424798,11.313864,11.362104,11.362574,11.347511,11.352326,11.391979,11.387876,11.402402
10.471978,10.846114,11.187462,10.909298,10.806038,10.815122,11.030238,11.163086,10.990840,11.185818,10.959370
11.813037,11.782947,11.753515,11.759820,11.756208,11.756301,11.829295,11.760833,11.750373,11.757712,11.760299
12.380030,12.454549,12.398282,12.418869,12.410995,12.409179,12.375138,12.446053,12.436469,12.454248,12.461950
12.081082,12.195959,12.074146,12.228619,12.216278,12.216832,12.135448,12.131299,12.131350,12.132862,12.095807
12.211065,12.138236,12.190733,12.149697,12.166520,12.166835,12.172024,12.196896,12.165513,12.155238,12.145719
11.890684,11.987394,11.984367,11.978179,11.993272,11.992614,12.018466,11.901980,11.997190,12.017109,11.957369
12.043501,12.194505,12.083591,12.143259,12.135726,12.135307,12.131448,12.069959,12.074910,12.066507,12.060483
12.170451,12.131595,12.169353,12.146646,12.172266,12.169431,12.194499,12.146314,12.145731,12.152649,12.149086
12.242891,12.200464,12.155972,12.243513,12.248874,12.249253,12.232815,12.144348,12.164137,12.169370,12.192394
12.072547,11.939052,11.928763,11.943010,11.929784,11.929122,11.970770,11.967286,11.969404,11.927848,11.971502
12.560248,12.631921,12.583510,12.613576,12.587973,12.590116,12.608515,12.562187,12.544771,12.549213,12.541512
12.078245,12.049758,12.146109,12.074157,12.099260,12.098040,12.069733,12.138076,12.122720,12.122396,12.128204
12.373708,12.407616,12.449605,12.425363,12.438608,12.437803,12.397743,12.460827,12.386472,12.424613,12.413172
12.310437,12.307811,12.347427,12.275731,12.293948,12.292629,12.266058,12.340968,12.300876,12.328784,12.330209
12.211065,12.303930,12.307403,12.317546,12.307520,12.308450,12.292814,12.259147,12.310141,12.310180,12.262528
11.674202,11.733730,11.733335,11.711638,11.707967,11.708592,11.754551,11.753084,11.747902,11.743045,11.735542
12.676079,12.535694,12.707288,12.564965,12.554025,12.553886,12.585771,12.640015,12.569949,12.588199,12.623522
12.154785,12.196235,12.268507,12.215604,12.228511,12.227075,12.202533,12.230950,12.212763,12.210883,12.198828
12.396697,12.404718,12.290910,12.445237,12.487727,12.487443,12.376414,12.400715,12.402408,12.441698,12.358555
11.288544,11.493326,11.388795,11.473592,11.467924,11.468386,11.487833,11.388898,11.324608,11.324973,11.306377
12.127576,12.163627,12.118377,12.150861,12.142077,12.142887,12.153918,12.137092,12.111207,12.127585,12.107669
12.441149,12.323119,12.372087,12.375405,12.359491,12.360007,12.383514,12.342418,12.312908,12.309440,12.339409
12.387561,12.401672,12.382695,12.444086,12.452151,12.451110,12.431332,12.385556,12.408125,12.409638,12.429972
12.406566,12.377712,12.359382,12.340191,12.314339,12.314485,12.382243,12.390901,12.357757,12.369647,12.285853
11.924379,12.037843,12.083467,12.064422,12.092159,12.090139,12.016070,12.055270,12.096849,12.028337,12.108295
12.273736,12.360368,12.342661,12.330638,12.317852,12.316578,12.319299,12.305073,12.327678,12.318427,12.341642
11.918397,11.692474,11.756167,11.740186,11.731423,11.731239,11.760997,11.819771,11.742285,11.773527,11.781362
11.870607,11.874909,11.872825,11.890668,11.917194,11.916011,11.852423,11.852478,11.870537,11.856715,11.869619
11.831386,12.129645,11.935392,12.027732,11.997479,11.998093,12.020044,11.937080,11.989431,11.948282,11.976978
11.735277,11.873746,11.856741,11.860665,11.854500,11.855802,11.865944,11.847140,11.841678,11.783292,11.892883
11.870607,11.866723,11.862992,11.878353,11.865537,11.865797,11.890528,11.915679,11.881895,11.888092,11.942026
12.506181,12.507783,12.511586,12.502390,12.501769,12.502884,12.496236,12.549915,12.572666,12.539279,12.546107
12.167857,12.205928,12.245594,12.218528,12.235128,12.234069,12.223053,12.209928,12.200703,12.207229,12.229951
12.193499,12.092659,12.052162,12.105167,12.129149,12.127711,12.071838,12.106367,12.105472,12.068246,12.093814
11.767575,11.846848,11.768009,11.832653,11.813178,11.815111,11.824311,11.826158,11.815776,11.824800,11.853367
11.694422,11.665156,11.746318,11.645912,11.646150,11.646774,11.621193,11.654925,11.720289,11.699919,11.671249
11.804856,11.784573,11.759283,11.743294,11.744342,11.745997,11.752549,11.786689,11.785886,11.777781,11.786956
12.055256,12.039635,12.036653,11.996633,12.005568,12.004368,11.989053,11.982787,11.975055,12.002206,11.972222
11.755879,11.837724,11.779879,11.690331,11.651084,11.649972,11.792015,11.789028,11.801697,11.770143,11.821450
11.884496,12.039434,12.026549,12.018048,12.013917,12.012679,11.947440,11.963684,12.058771,12.035441,12.027360
11.728045,11.734187,11.797381,11.685085,11.684322,11.683633,11.697498,11.727730,11.757952,11.801263,11.719672
11.790565,11.770277,11.790776,11.751161,11.745254,11.745505,11.771534,11.753256,11.763705,11.751728,11.745798
12.128117,12.170838,12.176334,12.182975,12.195867,12.196202,12.166590,12.148625,12.167237,12.161507,12.180594
11.951187,12.038119,12.025048,12.029141,12.072552,12.069893,12.067572,12.050845,12.045837,12.017428,12.071548
11.665655,11.723818,11.681344,11.705770,11.718220,11.718992,11.738748,11.703480,11.684593,11.654095,11.711856
12.513561,12.508786,12.428971,12.442851,12.427701,12.427047,12.485485,12.524482,12.458632,12.479431,12.479994
11.951187,11.982482,11.990411,11.964156,11.940504,11.941200,11.997140,11.976040,11.961831,11.970565,12.003861
12.384223,12.461000,12.632155,12.468968,12.493169,12.492303,12.484345,12.537301,12.575157,12.504366,12.564079
12.277933,12.299773,12.274293,12.313410,12.317191,12.316820,12.306167,12.307806,12.274024,12.282028,12.274228
12.094588,12.082423,12.055042,12.063514,12.067688,12.067507,12.044821,12.026966,12.018745,12.040983,12.039801
11.982935,11.911656,11.733374,12.009721,11.969358,11.971993,11.926351,11.816793,11.872990,11.841684,11.912048
11.813037,11.790299,11.798038,11.787623,11.771473,11.772871,11.799840,11.843839,11.804443,11.813609,11.805041
10.542733,11.144358,11.179224,11.135278,11.156152,11.154635,11.140125,11.012962,10.909628,10.993655,11.004338
11.849405,11.784680,11.763753,11.769896,11.762752,11.761307,11.717678,11.718494,11.767457,11.758852,11.755713
11.813037,11.303389,11.391319,11.305890,11.355234,11.352035,11.355548,11.210649,11.223584,11.192551,11.208543
12.061053,12.126041,12.080557,12.106194,12.111282,12.111217,12.069630,12.092460,12.099921,12.077821,12.095559
11.507923,11.682448,11.755981,11.682943,11.685683,11.685459,11.706845,11.731100,11.733376,11.732156,11.738822
12.111767,12.325220,12.195140,12.277435,12.256419,12.257232,12.274413,12.194845,12.215629,12.192657,12.232733
12.028745,12.099660,12.180871,12.072812,12.090542,12.086746,12.108535,12.109605,12.164742,12.099203,12.121638
12.013707,12.054316,12.028001,12.077130,12.108760,12.108506,12.055084,12.024836,12.022405,12.031962,12.019627
11.356283,11.388302,11.355915,11.387019,11.362839,11.363918,11.444407,11.379067,11.373347,11.293174,11.409796
12.205578,12.229434,12.137148,12.204359,12.210357,12.210899,12.224281,12.158462,12.176490,12.164643,12.199831
11.608245,11.534535,11.632688,11.539307,11.531077,11.530179,11.580028,11.588316,11.569957,11.610444,11.569667
11.842236,11.852117,11.860313,11.830717,11.825277,11.827137,11.852689,11.824217,11.845034,11.842587,11.843550
12.091789,12.196154,11.988852,12.235723,12.235979,12.237318,12.125781,12.028097,12.091428,12.105123,12.096851
12.724869,12.668098,12.698354,12.644376,12.638969,12.640058,12.685510,12.700970,12.680839,12.684617,12.685920
11.982279,12.079700,12.103773,12.044152,12.042568,12.042352,12.031421,12.047625,12.050617,12.080032,12.062177
12.452546,12.444091,12.509313,12.433728,12.426003,12.425921,12.414007,12.468737,12.439735,12.451338,12.449447
11.744045,11.729353,11.754315,11.731125,11.747002,11.742701,11.732509,11.702523,11.735785,11.727293,11.737352
11.736077,11.860765,11.759401,11.747151,11.729514,11.733068,11.739434,11.765688,11.803009,11.763578,11.750198
11.669938,11.758816,11.836423,11.782240,11.811778,11.809449,11.734803,11.696704,11.812396,11.778461,11.816701
12.887130,12.843272,12.804950,12.830969,12.825858,12.826522,12.871267,12.910556,12.943516,12.921220,12.945350
12.180760,12.111864,12.140761,12.120775,12.144142,12.142289,12.155527,12.161130,12.149429,12.162988,12.160183
12.190964,12.218130,12.153439,12.204682,12.212783,12.211882,12.205371,12.165359,12.143775,12.167102,12.146110
12.759961,12.637603,12.659421,12.614948,12.612843,12.613414,12.648971,12.635757,12.606826,12.643734,12.609331
12.031725,12.070430,12.186020,12.114536,12.133186,12.132608,12.142267,12.191491,12.096929,12.171704,12.160871
12.138869,12.253578,12.106513,12.247167,12.230529,12.230174,12.273242,12.133993,12.176455,12.161175,12.171370
12.066241,12.080989,12.076547,12.071919,12.077042,12.076071,12.056496,12.034524,12.022833,12.044173,12.060153
12.729324,12.792121,12.750096,12.766057,12.777052,12.775468,12.781816,12.759903,12.761420,12.786253,12.821984
11.708500,11.668716,11.671469,11.647863,11.642684,11.642353,11.697332,11.695072,11.746994,11.705850,11.664055
11.824087,11.741621,11.823975,11.761417,11.753099,11.752926,11.780476,11.796878,11.811762,11.809616,11.829354
12.128117,11.911228,11.997047,11.937940,11.991310,11.990004,11.964709,11.983777,11.951919,11.977496,11.969906
11.418626,11.402041,11.336142,11.323317,11.361757,11.359469,11.409458,11.356962,11.374134,11.335565,11.320521
12.235636,12.160310,12.145653,12.168793,12.175970,12.176304,12.146430,12.141211,12.140236,12.131635,12.135430
11.314487,10.914809,11.250206,11.167361,11.221014,11.223741,11.261956,11.218575,11.107175,11.197664,11.004569
11.362114,11.298664,11.441456,11.291158,11.311872,11.308158,11.360783,11.425250,11.430907,11.392923,11.429988
12.354497,12.366666,12.419691,12.373019,12.362102,12.361558,12.413576,12.399140,12.410933,12.401005,12.415052
11.827050,11.850181,11.895809,11.909317,11.925472,11.924478,11.910032,11.877981,11.907429,11.896692,11.871946
12.106258,12.157815,12.180847,12.156766,12.143808,12.144182,12.160866,12.165481,12.153305,12.165396,12.140871
11.917730,11.852927,11.797110,11.828553,11.843674,11.841622,11.855556,11.848917,11.817171,11.827594,11.815797
12.004574,12.055424,12.080772,12.037735,12.040657,12.039969,11.988120,12.001474,11.997194,11.994903,11.985076
11.385103,11.338659,11.348084,11.381847,11.408861,11.406913,11.367070,11.288050,11.285282,11.286414,11.336451
12.388398,12.370324,12.375102,12.373569,12.375645,12.374418,12.400808,12.370031,12.368182,12.341920,12.341553
11.532738,11.612256,11.589200,11.562856,11.562381,11.563400,11.591234,11.607630,11.613968,11.600546,11.559525
11.813037,11.760668,11.678819,11.746466,11.732557,11.732881,11.779566,11.772715,11.759614,11.753493,11.794330
11.512935,11.488723,11.639533,11.536871,11.579201,11.580557,11.568598,11.596738,11.577447,11.641834,11.546922
12.013707,12.106282,11.864132,12.097781,12.062421,12.064725,12.127330,12.073762,12.039924,12.011341,12.058322
11.350418,11.311325,11.614091,11.383355,11.304767,11.309102,11.417660,11.436018,11.442573,11.572208,11.392795
11.688566,11.650050,11.758432,11.684542,11.683484,11.684219,11.660747,11.673732,11.662620,11.658519,11.702138
12.332710,12.260963,12.238635,12.257840,12.286457,12.283782,12.265003,12.209325,12.270722,12.240131,12.256828
12.220966,12.324844,12.286592,12.330622,12.327708,12.327272,12.314516,12.319229,12.307069,12.307559,12.332623
12.141539,12.158568,12.194489,12.154103,12.168118,12.166482,12.170902,12.050127,12.060341,12.095599,12.071239
11.982935,11.962955,12.042284,11.995440,12.034164,12.031106,11.966977,12.060967,12.039052,12.040168,12.053782
12.271350,12.130458,12.157398,12.156018,12.150772,12.151500,12.129786,12.157080,12.167786,12.154287,12.150012
12.078245,11.966262,11.869887,11.932286,11.917239,11.917135,11.954431,11.993281,11.936887,11.955676,11.925928
12.175619,12.228214,12.185858,12.243996,12.243962,12.245416,12.218049,12.200810,12.181825,12.189868,12.201607
11.373675,11.635951,11.665283,11.639039,11.643795,11.643994,11.645144,11.614476,11.607607,11.625452,11.587655
12.160034,12.140601,12.168731,12.146193,12.143576,12.145392,12.140475,12.164576,12.160589,12.150166,12.154620
12.567241,12.598788,12.683833,12.657283,12.654764,12.654229,12.611243,12.597822,12.646034,12.595306,12.613543
11.630717,11.703376,11.729631,11.669665,11.659464,11.660003,11.732055,11.692192,11.696511,11.704729,11.700117
12.028745,11.849800,11.899750,11.843413,11.862931,11.862461,11.858199,11.866871,11.837425,11.870506,11.848781
12.588194,12.583707,12.640285,12.579972,12.567026,12.566777,12.572778,12.687102,12.739378,12.712676,12.730312
11.561725,11.676055,11.770161,11.666112,11.671610,11.670726,11.662386,11.711544,11.705178,11.739111,11.697803
11.678448,11.690733,11.673747,11.704349,11.706483,11.707220,11.698830,11.688510,11.669634,11.677428,11.680028
11.982935,11.843436,11.840335,11.782866,11.793612,11.784979,11.756045,11.798589,11.798514,11.797934,11.780834
12.190964,12.296417,12.435858,12.323516,12.285616,12.283260,12.231644,12.357304,12.319097,12.381407,12.288360
12.644331,12.728464,12.660459,12.725529,12.737832,12.737840,12.723754,12.650598,12.697478,12.701294,12.715585
12.345839,12.346762,12.384686,12.345991,12.360506,12.359647,12.372024,12.352499,12.389314,12.344481,12.328561
11.693170,11.683484,11.606334,11.704916,11.726143,11.725873,11.720795,11.651741,11.686577,11.671253,11.714695
11.338584,11.152347,11.407901,11.253003,11.277161,11.273196,11.291811,11.269845,11.306034,11.301960,11.385117
12.661917,12.621115,12.643711,12.620834,12.611141,12.610459,12.669822,12.661106,12.679740,12.687848,12.688636
12.567241,12.428393,12.445171,12.402477,12.425731,12.423946,12.443923,12.445811,12.449588,12.449447,12.502755
11.482477,11.371457,11.563552,11.411316,11.444172,11.444988,11.393551,11.544714,11.544139,11.535237,11.527343
11.289794,11.283441,11.338474,11.223125,11.200839,11.200926,11.205210,11.214770,11.221032,11.280150,11.227573
11.951187,11.765522,12.033067,11.861429,11.865629,11.864086,11.878587,11.908253,11.886427,11.948031,11.857017
12.061053,12.055248,12.034582,12.045940,12.073232,12.071938,12.032046,12.033585,12.045546,12.008566,12.052250
12.185875,12.240977,12.150260,12.238712,12.223706,12.224010,12.231859,12.148671,12.150403,12.143205,12.143078
12.477172,12.451578,12.501272,12.483172,12.480317,12.480150,12.455447,12.426124,12.424114,12.436463,12.467632
12.535380,12.890402,12.785417,12.745798,12.709456,12.717370,12.706493,12.598734,12.719133,12.635499,12.771461
11.846544,11.908478,11.611150,11.808411,11.733271,11.738055,11.808819,11.732036,11.711258,11.697144,11.689846
13.229570,13.113226,12.999771,13.052989,13.002985,13.005967,13.110306,13.019504,13.065122,13.042470,13.031376
11.884496,11.896136,11.829189,11.863302,11.838501,11.840968,11.869064,11.880753,11.866735,11.862013,11.877393
11.652696,11.868529,11.730130,11.808658,11.776821,11.775780,11.794411,11.798125,11.761607,11.798296,11.815439
11.349241,11.483081,11.535641,11.444287,11.479640,11.478045,11.512398,11.584941,11.558101,11.548172,11.588276
12.080997,12.130710,12.131090,12.156774,12.171102,12.170856,12.127235,12.107009,12.100124,12.121901,12.131059
12.206782,12.172555,12.137261,12.216622,12.223987,12.222663,12.153682,12.151572,12.171077,12.174043,12.184725
12.013707,12.037642,12.060014,12.027264,12.063066,12.062881,11.994868,12.000820,12.005491,12.049680,12.019586
11.881042,11.846305,11.922205,11.868052,11.893009,11.889695,11.831501,11.867633,11.812746,11.872241,11.829811
12.449023,12.477299,12.493335,12.476392,12.484699,12.484349,12.452130,12.485839,12.523708,12.497364,12.503253
12.100718,12.048401,12.048335,12.026035,12.034353,12.033264,12.047467,11.972060,12.003240,12.005358,12.007119
12.132701,12.335918,12.206093,12.341034,12.314512,12.317023,12.307463,12.227813,12.226707,12.223231,12.231924
12.421188,12.438696,12.305254,12.520963,12.487917,12.490013,12.417924,12.383283,12.321691,12.305942,12.367052
12.721889,12.772498,12.672704,12.746819,12.743991,12.744325,12.749809,12.789726,12.762451,12.754479,12.789618
12.301387,12.327508,12.056834,12.303912,12.277010,12.278849,12.179142,12.207543,12.186666,12.161767,12.140165
12.271397,12.321688,12.223890,12.275849,12.266474,12.267291,12.256831,12.184850,12.249771,12.207910,12.220456
11.302217,11.118105,11.383127,11.326799,11.239370,11.255716,11.412291,11.510974,11.147204,11.261786,11.117069
11.407576,11.719262,11.828423,11.711715,11.718833,11.719173,11.729405,11.699480,11.724529,11.717256,11.788405
11.612780,11.661118,11.833887,11.682839,11.694553,11.694622,11.642161,11.713438,11.755749,11.783729,11.808282
11.944714,11.897823,11.909550,11.899254,11.898433,11.898029,11.920427,11.924489,11.953187,11.936991,11.952532
12.700772,12.524047,12.504340,12.485266,12.458408,12.458760,12.579874,12.571082,12.580786,12.526502,12.585686
12.089544,12.056280,12.049377,12.073192,12.087295,12.087327,12.057948,12.090796,12.065891,12.079886,12.057171
12.031130,12.142818,12.013273,12.137950,12.116631,12.116919,12.053155,12.056452,12.054415,12.041977,12.062966
11.927687,11.932087,12.130291,12.005544,11.999308,11.999797,11.958319,12.010923,11.984449,11.985210,12.009643
11.813037,11.805236,11.740645,11.792523,11.764161,11.765539,11.793691,11.789454,11.809381,11.780720,11.822438
11.813037,11.809091,11.799241,11.789637,11.774264,11.776048,11.757862,11.810565,11.792587,11.796770,11.785572
11.944714,11.928399,11.976283,11.943954,11.955596,11.954563,11.943506,11.960925,11.953137,11.942153,11.954371
11.424105,11.584704,11.650831,11.589998,11.599062,11.599092,11.527272,11.561355,11.551748,11.611893,11.590220
11.979805,11.827540,11.935428,11.889173,11.895560,11.894463,11.888828,11.924027,11.904355,11.904160,11.874932
12.175619,12.161840,12.162229,12.160853,12.159626,12.159169,12.144578,12.146098,12.143343,12.150749,12.114291
12.299112,12.183693,12.105437,12.170396,12.136179,12.136363,12.173503,12.177844,12.199862,12.152710,12.173887
12.043560,11.986893,11.906289,11.977770,11.976694,11.976385,11.989720,11.970284,11.954412,11.958613,12.021403
11.840797,11.800605,11.845321,11.791057,11.784702,11.784149,11.824932,11.817419,11.824221,11.816667,11.814407
11.956976,11.855569,11.869771,11.871905,11.871389,11.872336,11.855869,11.850543,11.866052,11.870268,11.862991
11.744045,11.804308,11.809793,11.757206,11.743707,11.744132,11.813369,11.811969,11.793408,11.789955,11.811562
11.884496,12.040296,12.073590,12.044690,12.084957,12.084560,12.055982,12.009166,12.064630,12.043045,12.057418
11.798112,11.694481,11.789474,11.682295,11.663311,11.664674,11.718029,11.804751,11.791820,11.787638,11.782481
12.165256,12.150600,12.178668,12.163670,12.181100,12.180103,12.146365,12.162613,12.163038,12.166992,12.160810
11.982935,11.921272,11.944752,11.938627,11.924121,11.924748,11.961218,11.891481,11.869546,11.893955,11.920824
12.141539,12.083349,12.083529,12.097281,12.088716,12.088834,12.092975,12.139613,12.143964,12.130165,12.118811
11.898195,11.970387,11.898333,11.974490,11.985196,11.984637,11.964820,11.906367,11.932279,11.958131,11.956205
11.332614,11.390556,11.442288,11.433228,11.447175,11.448369,11.456788,11.435371,11.426248,11.439288,11.404004
12.437188,12.479976,12.459675,12.483217,12.482947,12.483436,12.490274,12.482426,12.461274,12.459312,12.467697
11.831386,11.803885,11.871231,11.877996,11.904185,11.903952,11.804967,11.788228,11.809624,11.809263,11.836249
12.190964,12.260625,12.214122,12.264774,12.249153,12.251069,12.268137,12.240542,12.210668,12.233094,12.243409
11.439290,11.319799,11.374332,11.319719,11.322530,11.318343,11.388038,11.414403,11.459277,11.380972,11.402029
11.982935,11.978173,11.978360,11.960156,11.972734,11.972999,12.014628,11.980160,11.931371,11.962939,11.960902
11.824087,11.961327,12.001379,12.017103,11.969963,11.973341,11.908912,12.018675,11.999509,12.008794,11.959392
11.891369,12.084013,11.885295,12.067835,12.041130,12.043768,12.019736,11.955322,11.973246,11.942384,11.967955
11.767575,11.808869,11.734805,11.763569,11.749096,11.749707,11.769261,11.793936,11.768784,11.784628,11.764438
12.080696,12.062299,12.089101,12.092212,12.094155,12.094126,12.054174,12.069165,12.092116,12.080086,12.066552
11.751950,11.725837,11.700145,11.707494,11.705944,11.708260,11.706470,11.714663,11.698072,11.670181,11.691792
12.043560,12.007722,12.011509,11.985091,11.993699,11.994354,11.940203,11.918074,11.960886,11.978852,11.947884
11.759793,11.720317,11.580216,11.664380,11.633837,11.635930,11.650611,11.615762,11.638597,11.578222,11.635683
11.964007,12.012933,12.080377,11.988163,12.007226,12.005862,12.030412,12.048014,11.984100,11.994690,11.988134
11.002117,10.976206,10.974619,10.935658,10.936712,10.933979,10.988901,11.005071,10.853213,10.900867,10.842419
11.691080,11.613080,11.705196,11.637059,11.621301,11.622199,11.690726,11.702958,11.689621,11.704018,11.665051
11.813037,11.713978,11.808175,11.717164,11.747243,11.746174,11.764577,11.764135,11.724210,11.752036,11.530580
11.979805,11.905707,11.856647,11.946158,11.952305,11.952355,11.951924,11.884722,11.884031,11.905123,11.892378
11.571204,11.597923,11.687210,11.570166,11.570085,11.568981,11.599146,11.652836,11.658545,11.668452,11.638222
12.691584,12.689831,12.652600,12.686760,12.680677,12.681443,12.710216,12.672148,12.619479,12.627632,12.701070
12.100162,12.140860,12.169490,12.195393,12.206393,12.206510,12.165947,12.143691,12.184406,12.231024,12.181525
12.523530,12.448087,12.341038,12.448543,12.435106,12.437525,12.426710,12.357113,12.416462,12.363360,12.420789
12.106258,12.029848,12.089306,12.016164,12.030962,12.029574,12.023470,12.035336,12.050491,12.037019,12.057475
12.542548,12.658943,12.582143,12.638105,12.640172,12.640062,12.640192,12.635456,12.608522,12.620011,12.621145
12.144203,12.100259,12.118872,12.086115,12.097691,12.097015,12.099029,12.084312,12.089767,12.119764,12.089495
12.230770,12.101059,12.187883,12.132480,12.163169,12.161506,12.165624,12.194716,12.168147,12.170051,12.177946
11.774528,11.732691,11.728809,11.710961,11.661732,11.666286,11.696577,11.736706,11.725415,11.743622,11.714892
11.809327,11.849104,11.767619,11.830165,11.816124,11.817143,11.830375,11.776893,11.790874,11.784980,11.811847
11.669938,11.685477,11.694401,11.684335,11.667833,11.667738,11.672998,11.712205,11.695588,11.720991,11.724897
12.669810,12.674003,12.606319,12.659780,12.663005,12.662366,12.626468,12.659327,12.630277,12.648578,12.631696
12.123240,12.164331,12.103834,12.205883,12.217434,12.216844,12.153021,12.139787,12.166724,12.147342,12.155613
11.775297,11.797244,11.813643,11.769011,11.783715,11.782429,11.779633,11.826817,11.840984,11.824683,11.868621
11.849405,11.841872,11.841670,11.842878,11.803415,11.804538,11.855180,11.811602,11.865067,11.837134,11.845743
11.803361,11.769484,11.735364,11.726448,11.721909,11.721683,11.784889,11.723439,11.669858,11.709074,11.647817
11.681832,11.628468,11.655261,11.570511,11.621763,11.621270,11.612601,11.635913,11.637803,11.620237,11.621987
12.268583,12.337117,12.315761,12.335492,12.344630,12.344160,12.332035,12.282316,12.313987,12.299958,12.304702
11.626263,11.366502,11.479170,11.323105,11.364494,11.358651,11.395998,11.370602,11.336474,11.391197,11.379052
11.678448,11.572692,11.507995,11.530495,11.521505,11.522544,11.535456,11.570175,11.591391,11.517011,11.580138
12.007018,11.990589,12.046576,11.997858,12.014022,12.011725,11.997124,12.078444,12.070784,12.050386,12.041455
11.652696,11.559049,11.617517,11.579373,11.597222,11.596605,11.635636,11.658186,11.628910,11.637553,11.623820
12.066816,12.195188,12.210670,12.190985,12.178493,12.178971,12.221314,12.200373,12.219124,12.209720,12.191382
12.464587,12.373435,12.381808,12.383586,12.398543,12.394433,12.403879,12.401392,12.343306,12.423204,12.243483
12.278398,12.272832,12.317394,12.271957,12.278056,12.277756,12.262915,12.299266,12.297275,12.301692,12.274888
11.849405,11.768054,11.819618,11.758591,11.731581,11.732404,11.780993,11.795897,11.774128,11.768712,11.764390
11.813037,11.914673,11.869098,11.871414,11.838735,11.837933,11.805067,11.904922,11.889317,11.907628,11.823625
11.445727,11.741224,11.618404,11.658001,11.619555,11.620064,11.707252,11.557347,11.548619,11.591572,11.636074
11.674202,11.853707,11.916532,11.777932,11.754013,11.756438,11.747705,11.734404,11.736580,11.760057,11.812332
12.386313,12.335992,12.421527,12.353466,12.368842,12.367996,12.328068,12.386280,12.420027,12.411506,12.436024
12.037660,12.088015,12.090440,12.103556,12.087330,12.088747,12.096285,12.078412,12.066872,12.082989,12.076666
11.532738,11.526829,11.608205,11.526975,11.514170,11.515243,11.553194,11.576221,11.540094,11.574852,11.545047
11.686887,11.718920,11.777445,11.726862,11.718636,11.718043,11.745638,11.728057,11.742050,11.717032,11.713921
11.451061,11.311056,11.446282,11.378386,11.405667,11.404751,11.412230,11.412728,11.365581,11.397486,11.377743
12.185875,12.356803,12.139793,12.319804,12.286154,12.285481,12.312379,12.283738,12.188100,12.204930,12.214761
11.877576,11.578353,11.746965,11.680595,11.627759,11.631005,11.697833,11.708504,11.676919,11.718591,11.689633
11.842236,11.716668,11.745215,11.719551,11.725769,11.723735,11.736481,11.707175,11.726440,11.713709,11.722589
12.193499,12.150763,12.046088,12.152317,12.145039,12.145068,12.138143,12.111772,12.098601,12.106222,12.113191
12.959541,12.844345,12.787335,12.827590,12.830657,12.829167,12.875806,12.908100,12.919207,12.888987,12.926005
11.289794,11.548366,11.582181,11.527250,11.506145,11.506798,11.587465,11.494479,11.462928,11.441627,11.477264
11.289794,11.297496,11.359137,11.353840,11.376435,11.373635,11.418639,11.361199,11.366006,11.354058,11.380482
11.911708,11.753099,11.786068,11.732626,11.727027,11.727290,11.755022,11.790539,11.758312,11.752609,11.815299
12.100718,12.085827,12.083329,12.099697,12.101567,12.101161,12.098182,12.066659,12.056058,12.085992,12.059482
12.069686,12.123481,12.020800,12.109682,12.085453,12.088362,12.094234,12.106713,12.117443,12.094708,12.122059
11.669083,11.622818,11.688204,11.652018,11.672490,11.672273,11.651243,11.635504,11.606194,11.654581,11.619012
11.870607,12.016925,11.937276,12.044881,12.040290,12.039643,11.950337,11.855886,11.857832,11.855935,11.929967
11.728045,11.621687,11.700899,11.651692,11.700977,11.698665,11.707785,11.748271,11.714177,11.730335,11.734949
11.917730,11.950419,11.971497,11.952337,11.954126,11.953554,11.926262,11.947561,11.918253,11.943759,11.914408
12.345839,12.177670,12.144430,12.238445,12.278326,12.276927,12.273568,12.298602,12.253804,12.212874,12.264123
11.699413,11.690997,11.722615,11.671266,11.699725,11.700589,11.665115,11.742243,11.684850,11.696225,11.660620
12.215037,12.295295,12.224739,12.329118,12.327784,12.328220,12.300036,12.262772,12.286329,12.274251,12.291045
12.292255,12.298300,12.092794,12.291096,12.271249,12.271718,12.270630,12.205972,12.176188,12.149347,12.183963
12.100162,12.086571,11.983793,12.100793,12.149927,12.147976,12.121788,12.116660,12.099570,12.098823,12.120144
12.345839,12.240518,12.238198,12.245467,12.248361,12.249299,12.212952,12.235789,12.242321,12.235291,12.221919
12.367890,11.920924,12.393719,12.325493,12.286791,12.289134,12.365534,12.384717,12.360992,12.371926,12.420347
12.128117,12.101410,12.118801,12.109624,12.115563,12.114994,12.131617,12.154901,12.131113,12.115216,12.137043
11.891369,11.815982,11.939660,11.797110,11.800362,11.800110,11.833437,11.902685,11.889986,11.904541,11.910780
12.319406,12.367206,12.184834,12.329356,12.324061,12.326615,12.251449,12.316509,12.229205,12.303590,12.275672
11.767575,11.737292,11.740006,11.716109,11.687851,11.688737,11.756758,11.774493,11.754848,11.757845,11.766544
11.598736,11.724972,11.787122,11.811215,11.831207,11.830654,11.836698,11.745970,11.731297,11.776570,11.816917
12.175619,12.186377,12.076468,12.181751,12.170722,12.168082,12.212390,12.121912,12.126737,12.128525,12.140201
12.359527,12.320092,12.303155,12.311956,12.306844,12.308039,12.286178,12.273190,12.279759,12.298573,12.291477
12.410445,12.382143,12.440023,12.386565,12.405133,12.404839,12.381847,12.431899,12.499407,12.431879,12.426678
12.061053,12.141283,12.151665,12.152231,12.160951,12.160431,12.139879,12.157570,12.160224,12.148680,12.146367
12.367345,12.287466,12.251033,12.270081,12.266001,12.264707,12.247159,12.193293,12.204212,12.218637,12.199468
13.345509,13.214849,13.113817,13.177341,13.206951,13.204657,13.255449,13.284215,13.286991,13.248653,13.363677
12.049425,12.013351,11.905106,12.047233,12.045753,12.046020,12.079259,11.892770,11.890330,11.873007,11.974855
12.001512,12.058545,11.970905,12.029427,12.030095,12.030607,12.017689,11.997505,11.982364,11.970337,12.005382
12.054674,11.983141,12.009513,11.995125,12.000767,12.000520,11.956084,12.001694,12.003424,11.986807,11.988635
12.208575,12.326847,12.281094,12.324862,12.240845,12.242784,12.263408,12.323910,12.277345,12.249204,12.230297
12.384223,12.392654,12.241087,12.336391,12.329464,12.330674,12.396849,12.405318,12.341408,12.323363,12.281156
12.560248,12.670322,12.651140,12.646995,12.657869,12.657763,12.630310,12.593767,12.547885,12.625047,12.576151
11.691080,11.653924,11.784576,11.649719,11.665422,11.664367,11.702037,11.785762,11.799213,11.796436,11.780655
11.652696,11.598009,11.685658,11.619750,11.632443,11.631717,11.610172,11.579718,11.586797,11.597772,11.582175
11.950541,11.723360,11.694298,11.729638,11.742658,11.742648,11.751351,11.746357,11.776393,11.803494,11.812392
11.440366,11.374931,11.509962,11.466539,11.419946,11.421168,11.533963,11.534784,11.499230,11.496997,11.533317
12.429220,12.159869,12.428544,12.365227,12.408581,12.407428,12.322487,12.338472,12.384131,12.396813,12.302981
12.880294,12.594288,12.542199,12.557380,12.539271,12.540022,12.572110,12.636858,12.645439,12.609774,12.555798
13.521141,13.377984,13.197350,13.361868,13.387040,13.385291,13.503288,13.150791,13.207685,13.238544,13.227608
11.695255,11.843147,11.802254,11.870749,11.848008,11.849296,11.887796,11.895195,11.899936,11.834811,11.897592
12.137264,12.181269,12.050906,12.223771,12.290605,12.288688,12.202237,12.194647,12.184279,12.112223,12.213233
11.560772,11.630398,11.715836,11.697067,11.710287,11.710028,11.662322,11.731721,11.743507,11.738937,11.732382
11.461643,11.432682,11.645168,11.431368,11.549665,11.546307,11.463918,11.544581,11.519213,11.589875,11.488828
12.476104,12.411655,12.498518,12.508370,12.524860,12.525913,12.458161,12.516866,12.519637,12.503970,12.504605
12.180760,12.120821,12.135061,12.133793,12.147738,12.146753,12.141074,12.133737,12.140499,12.140425,12.130534
12.149508,12.160362,12.216718,12.163674,12.184706,12.184335,12.161227,12.163253,12.181002,12.175902,12.186570
12.031725,12.120276,11.939075,12.146694,12.232783,12.230103,12.068383,12.010878,12.026553,11.986872,11.917387
12.066816,12.043102,12.055469,12.028911,12.048492,12.048440,12.036319,12.068280,12.063273,12.051623,12.088195
11.736077,11.775180,11.727233,11.760358,11.800363,11.798543,11.842916,11.761543,11.696554,11.715374,11.754969
12.013707,11.932769,12.028155,11.948550,11.951825,11.951232,11.989942,12.001273,12.000120,12.031258,12.014818
11.970357,11.921329,11.882410,11.942188,11.934647,11.936186,11.950409,11.928295,11.906147,11.911589,11.902746
12.078245,11.999091,12.024486,12.002962,12.012178,12.010822,12.001640,12.010856,12.017693,12.004893,11.990297
12.297790,12.362660,12.317125,12.376291,12.379511,12.379585,12.344573,12.304414,12.334475,12.324732,12.343624
11.877576,12.004148,11.950663,11.914598,11.905853,11.905294,11.871799,11.959528,11.955516,11.952227,11.925386
12.089544,12.031862,12.117719,12.045160,12.057326,12.056810,12.030974,12.091206,12.095098,12.100756,12.071752
11.904974,11.880139,11.806217,11.834265,11.837206,11.837063,11.857174,11.803524,11.794927,11.813613,11.781442
11.661785,11.721038,11.627190,11.533604,11.495307,11.495229,11.550349,11.551255,11.594849,11.570683,11.560033
12.195522,12.208031,12.211753,12.193775,12.205298,12.203972,12.195039,12.193136,12.204605,12.198966,12.181626
11.669938,11.819039,11.736282,11.782308,11.773879,11.773874,11.829180,11.809598,11.764157,11.764838,11.816939
12.269052,12.201255,12.315360,12.212868,12.236587,12.235325,12.196511,12.287378,12.280908,12.267611,12.272007
11.941462,11.877998,11.866589,11.877179,11.874040,11.873727,11.921339,11.881158,11.890697,11.877261,11.912357
12.513193,12.580606,12.519582,12.605176,12.619615,12.618021,12.570648,12.576271,12.525812,12.529196,12.510778
11.580593,11.757148,11.669732,11.660041,11.678755,11.671073,11.678915,11.568431,11.649318,11.614048,11.626725
12.206078,12.279603,12.219136,12.291779,12.284658,12.285058,12.294925,12.285314,12.236806,12.241140,12.225975
11.849405,11.877431,11.863037,11.874390,11.887669,11.887357,11.883712,11.861242,11.859205,11.848984,11.858933
12.577640,12.528179,12.606199,12.599484,12.559025,12.561820,12.591233,12.636923,12.627728,12.657365,12.612371
12.149508,12.207456,12.171317,12.186775,12.165897,12.165352,12.181369,12.156889,12.170795,12.155175,12.139663
12.007628,12.269118,12.217779,12.318696,12.358704,12.357022,12.271810,12.166460,12.283504,12.260810,12.303373
11.635152,11.367230,11.261975,11.363787,11.393984,11.390927,11.376151,11.303724,11.298183,11.299509,11.343831
11.884496,11.923592,11.621218,11.889703,11.900000,11.899581,11.870727,11.720099,11.702593,11.695404,11.696853
11.809327,11.789399,11.768705,11.776303,11.756359,11.758509,11.769360,11.777856,11.772547,11.774493,11.759874
11.736077,11.632850,11.652570,11.601828,11.578998,11.580502,11.673813,11.651582,11.658859,11.671937,11.663315
11.626263,11.686147,11.836969,11.724659,11.733298,11.730167,11.724492,11.777059,11.750140,11.743653,11.733597
12.343471,12.398638,12.321923,12.374824,12.369684,12.370062,12.409436,12.376241,12.422981,12.398234,12.430126
11.296025,11.196520,11.292325,11.240581,11.263291,11.260357,11.121263,11.153967,11.179616,11.166554,11.180468
11.424105,11.434429,11.624106,11.401949,11.391909,11.391205,11.400116,11.502458,11.488897,11.510793,11.483221
11.652696,11.528907,11.674267,11.511232,11.520039,11.518933,11.596564,11.634617,11.641215,11.624984,11.640123
11.805603,11.676211,11.771334,11.681116,11.701738,11.700733,11.732577,11.759349,11.720014,11.755146,11.745380
11.870607,11.911725,11.981928,11.938622,11.967251,11.964450,11.910247,11.917230,11.961034,11.967814,11.905178
11.834291,11.927300,12.016670,11.959241,11.946800,11.947563,11.897769,11.691005,11.680381,11.861195,11.682197
12.122696,12.266737,12.134849,12.247061,12.246592,12.246683,12.227965,12.161321,12.185872,12.175407,12.199386
11.884496,11.894755,11.822511,11.925893,11.942011,11.941518,11.865899,11.884253,11.877470,11.860522,11.855370
12.273736,12.305401,12.223638,12.344689,12.312837,12.315752,12.354375,12.240638,12.253716,12.250673,12.209894
11.898195,11.935899,11.818765,11.929738,11.907716,11.907800,11.926380,11.860426,11.807445,11.851753,11.822834
12.813921,12.732589,12.733595,12.751321,12.743582,12.744420,12.757040,12.820511,12.805825,12.786906,12.824900
11.751950,11.785692,11.869384,11.823565,11.801264,11.803485,11.859779,11.830133,11.772558,11.794062,11.774557
12.154785,12.176628,12.177159,12.200954,12.264576,12.265365,12.148273,12.213890,12.170728,12.153931,12.194579
11.794345,11.857183,11.859294,11.816640,11.792986,11.792005,11.844412,11.873748,11.889366,11.895825,11.913442
11.530775,11.541432,11.581480,11.501940,11.534136,11.531216,11.460524,11.544347,11.560833,11.574481,11.523490
11.863589,11.751538,11.877950,11.733941,11.751973,11.751765,11.784001,11.807632,11.832080,11.810269,11.793551
11.775297,11.749570,11.753705,11.643134,11.656522,11.646151,11.623721,11.601555,11.642793,11.618705,11.600078
11.841423,11.863577,11.789387,11.878120,11.850274,11.852576,11.919751,11.887798,11.877893,11.854879,11.868902
12.075400,12.063170,12.028657,12.036099,12.066728,12.066189,12.007007,11.982514,11.985479,12.024795,12.012389
12.180760,12.224673,12.320964,12.243121,12.257507,12.256997,12.221765,12.260419,12.270283,12.304008,12.254441
11.867104,11.774066,11.939718,11.837404,11.849380,11.846007,11.814660,11.851937,11.781148,11.820821,11.762265
12.490879,12.347282,12.327789,12.364748,12.362253,12.362149,12.334381,12.305754,12.337786,12.338235,12.332552
12.323416,12.249190,12.246774,12.247992,12.246437,12.246627,12.271387,12.281067,12.241568,12.242157,12.254584
12.422510,12.504138,12.382895,12.511497,12.521077,12.519729,12.466493,12.397895,12.401568,12.422240,12.418531
12.043560,11.958071,12.026838,12.044907,12.073660,12.071360,12.063154,12.087138,11.963688,12.011658,11.924254
13.049795,12.951226,12.925456,12.938427,12.954435,12.953115,12.964745,13.028919,13.014924,13.046188,13.030639
12.345839,12.257114,12.070794,12.252127,12.217874,12.218593,12.222987,12.236477,12.270493,12.221241,12.234971
12.089544,12.228078,12.137219,12.229340,12.206784,12.206222,12.231750,12.134155,12.138765,12.129071,12.144123
12.136192,12.205067,12.154544,12.191367,12.201741,12.201706,12.172403,12.160765,12.187513,12.161139,12.179613
12.042971,11.880255,11.903770,11.903974,11.889020,11.888848,11.915693,11.907948,11.909027,11.901620,11.895694
11.771444,11.848193,11.943633,11.865132,11.852974,11.852291,11.796388,11.927488,11.841586,11.887080,11.813621
11.686887,11.665230,11.714979,11.675142,11.660751,11.662154,11.700831,11.730992,11.730493,11.734145,11.712917
12.404928,12.507920,12.457522,12.542514,12.554057,12.553361,12.462457,12.442451,12.438540,12.406148,12.491983
12.053801,12.141801,12.162310,12.177798,12.170582,12.171311,12.096978,12.121888,12.072411,12.108393,12.075127
11.775297,11.606602,11.723103,11.566050,11.594799,11.591528,11.638411,11.649712,11.651885,11.665691,11.689725
12.591338,12.495573,12.456055,12.526766,12.501400,12.501057,12.565799,12.545387,12.512388,12.519459,12.502844
12.016128,12.123020,12.132378,12.155007,12.139779,12.140728,12.125140,12.122247,12.122999,12.143061,12.108943
11.755879,11.804971,11.821821,11.817800,11.823193,11.823660,11.853658,11.786620,11.809092,11.785140,11.832300
12.616529,12.611329,12.648042,12.634410,12.619320,12.620121,12.641039,12.695297,12.621614,12.635766,12.602365
11.511935,11.333514,11.467683,11.372315,11.376230,11.377164,11.364521,11.433590,11.384387,11.408879,11.392070
12.154785,12.163228,12.069748,12.139526,12.143173,12.141780,12.142341,12.142109,12.154557,12.126984,12.135829
11.925042,12.030679,11.918705,12.057598,12.053240,12.053818,11.953690,11.949807,11.932761,11.922428,11.957324
12.106258,12.203533,12.112803,12.176990,12.140394,12.140876,12.192173,12.152430,12.105767,12.100494,12.124879
11.766800,11.770326,11.779788,11.757053,11.742280,11.742975,11.762294,11.755702,11.749254,11.747656,11.733604
11.992267,11.922697,11.854400,11.870051,11.843818,11.844989,11.873017,11.900899,11.843721,11.849719,11.846254
12.103492,12.019040,11.948601,12.026232,12.016898,12.018563,12.081028,12.032630,12.001694,11.933932,12.026522
12.106258,12.016350,12.115351,12.029215,12.025504,12.024312,12.000648,12.065814,12.062837,12.052387,11.996525
12.122153,11.966578,12.030325,12.093732,12.126261,12.127344,12.053102,12.051587,12.054390,12.034147,12.064842
11.711785,11.679017,11.951887,11.632127,11.678042,11.675458,11.600903,11.755341,11.792232,11.805076,11.794977
12.843974,12.632036,12.735318,12.653906,12.643972,12.643355,12.721556,12.757981,12.640409,12.697929,12.700701
12.850557,12.927214,12.757562,12.894281,12.922179,12.921397,12.955640,12.794775,12.938010,12.858685,12.942221
11.877576,11.889380,11.858768,11.835185,11.817251,11.821733,11.840292,11.845370,11.833040,11.818809,11.814518
12.468441,11.821763,12.227961,12.368102,12.419715,12.421408,12.402297,12.393187,12.376482,12.360653,12.235481
12.132162,12.099266,12.061100,12.127837,12.112106,12.110643,12.097514,12.120089,12.133876,12.109677,12.111858
11.827744,11.803031,11.778469,11.787230,11.765034,11.766297,11.816377,11.819562,11.802838,11.808712,11.787097
12.083911,11.984735,11.977764,12.023275,12.090103,12.083358,11.982529,12.029194,12.052044,11.987114,12.066202
11.842236,11.767993,11.702078,11.787083,11.820831,11.822159,11.752899,11.751509,11.764589,11.815307,11.792448
11.827744,12.100245,11.842245,11.919348,11.853720,11.856101,11.868630,11.865746,11.882422,11.846928,11.767289
11.995358,11.972723,11.988134,11.978165,11.994354,11.992636,12.002663,12.052599,11.998740,11.999268,11.971668
12.195522,12.185443,12.122321,12.200081,12.176580,12.177242,12.183894,12.172498,12.146972,12.112653,12.148229
12.375820,12.417665,12.466981,12.417402,12.436771,12.435812,12.405577,12.450258,12.492680,12.477168,12.517229
11.133143,11.086545,11.521115,11.336979,11.252944,11.260518,11.398949,11.492982,11.292138,11.417079,11.252448
12.332710,12.239108,12.285429,12.250625,12.269417,12.267589,12.254057,12.268447,12.284642,12.271548,12.291123
12.100718,12.201630,12.147459,12.170081,12.168823,12.169848,12.124064,12.110775,12.121845,12.132935,12.130222
11.921725,11.920058,11.860751,11.897458,11.915195,11.913595,11.884743,11.881158,11.912070,11.881909,11.921821
11.842236,11.780489,11.960226,11.870855,11.881759,11.881787,11.870314,11.838842,11.859043,11.845798,11.893189
12.037660,12.089124,12.180350,12.122303,12.105623,12.107970,12.142263,12.080048,12.126844,12.138217,12.103762
11.794345,11.766481,11.748371,11.773415,11.775768,11.776008,11.796829,11.771952,11.759762,11.737955,11.781988
11.870607,11.905198,11.981362,11.924771,11.918072,11.918267,11.939592,11.978612,11.958043,11.972172,11.970460
12.154785,12.064360,12.012064,12.086094,12.108601,12.109200,12.119884,12.082450,12.026042,12.087328,12.096776
12.535380,12.440550,12.457309,12.433661,12.439876,12.440202,12.434814,12.484372,12.454014,12.460151,12.444472
12.546114,12.561734,12.505706,12.589656,12.573324,12.573384,12.558140,12.558295,12.518178,12.552017,12.526600
12.103492,11.939281,11.935288,11.952647,11.968449,11.966081,11.948042,11.945189,11.981628,11.970015,11.962764
11.691080,11.701421,11.629863,11.659703,11.657116,11.658038,11.703725,11.683989,11.675364,11.659134,11.668737
11.585255,11.822633,11.864340,11.750028,11.709214,11.710882,11.740329,11.701288,11.712215,11.713690,11.749868
12.000898,12.021516,12.099884,12.067864,12.094961,12.093917,12.085921,12.116497,12.097404,12.114661,12.138815
11.652696,11.743683,11.718200,11.729263,11.696143,11.697930,11.692980,11.719280,11.712136,11.734636,11.705895
11.838633,11.725951,11.853524,11.730649,11.763411,11.762184,11.767385,11.834156,11.861213,11.843775,11.851222
11.951187,11.954270,11.888427,11.939874,11.920027,11.922176,11.928448,11.905429,11.903461,11.890427,11.904089
11.849405,11.918560,11.862494,11.882015,11.887921,11.886283,11.915489,11.926744,11.851338,11.869623,11.892086
11.944714,11.984111,11.910298,12.008710,12.026071,12.027299,12.011741,12.055574,12.044029,11.968194,12.022900
12.323860,12.350406,12.312318,12.364654,12.356998,12.357174,12.364163,12.350183,12.323369,12.357615,12.339447
12.086732,11.964909,11.923467,11.955290,11.981895,11.979355,11.996390,12.023985,12.021959,11.999561,12.016417
12.577640,12.638736,12.639224,12.610621,12.605639,12.606889,12.640657,12.639815,12.622902,12.646905,12.622554
12.354497,12.316052,12.337003,12.334636,12.321904,12.321181,12.368500,12.323621,12.314665,12.308879,12.289730
11.775297,11.831586,11.999923,11.905646,11.888790,11.891352,11.872821,11.837661,11.853066,11.921435,11.863012
12.691584,12.690707,12.643027,12.663672,12.665284,12.665015,12.683032,12.709108,12.690088,12.689406,12.723069
12.218500,12.252066,12.186914,12.245970,12.251984,12.254016,12.197712,12.165730,12.194779,12.167306,12.183463
11.835016,11.849339,11.873563,11.839264,11.840267,11.840299,11.870930,11.852581,11.838358,11.868941,11.853701
11.898195,11.857212,11.821817,11.857618,11.857466,11.857373,11.922127,11.877209,11.892485,11.873896,11.867567
12.096263,12.036735,12.101936,12.037626,12.043420,12.043187,12.059377,12.039320,12.052444,12.048491,12.056364
12.721889,12.689543,12.538473,12.697779,12.741372,12.741653,12.678283,12.665231,12.734321,12.637054,12.688927
12.220966,12.235553,12.189283,12.231614,12.234762,12.234843,12.221620,12.218931,12.253346,12.231807,12.259584
12.618186,12.657111,12.657214,12.622018,12.607495,12.608186,12.644617,12.711797,12.640518,12.636725,12.651451
12.716405,12.709015,12.703438,12.692535,12.674489,12.676644,12.696362,12.694412,12.668446,12.741503,12.749615
11.686887,11.628917,11.678315,11.621963,11.621247,11.621714,11.658152,11.676105,11.690063,11.725833,11.700784
12.239996,12.147010,12.138228,12.154921,12.158145,12.158341,12.109070,12.103681,12.113644,12.109358,12.102771
12.596404,12.460461,12.515510,12.475175,12.486763,12.485552,12.457500,12.591420,12.563347,12.539714,12.568139
12.249616,12.199722,12.178316,12.177728,12.168135,12.169824,12.204564,12.154724,12.147402,12.164816,12.186127
12.524530,12.486012,12.410766,12.502445,12.495790,12.496608,12.483226,12.510471,12.478615,12.474737,12.490930
11.617294,11.547397,11.683307,11.558409,11.566286,11.565955,11.593343,11.708945,11.665076,11.688077,11.628330
11.960818,12.012474,11.965682,12.011934,12.025465,12.024836,11.978522,11.953429,11.957939,11.943982,12.021696
11.191356,11.192002,11.174767,11.220224,11.219427,11.219563,11.315736,11.292262,11.234354,11.214421,11.224397
12.154785,12.331904,12.258841,12.380543,12.376115,12.377689,12.359793,12.306137,12.276085,12.332490,12.297514
11.320566,11.438662,11.270533,11.360207,11.360170,11.360777,11.458931,11.219760,11.211432,11.203270,11.290184
11.898195,12.531203,12.556480,12.551149,12.552992,12.551351,12.565902,12.528460,12.563185,12.551629,12.587842
10.915107,11.017208,11.226614,10.997257,11.073642,11.066195,10.989832,10.971792,11.015610,11.021928,11.062412
11.277216,11.450711,11.246874,11.393107,11.370404,11.371821,11.326375,11.285684,11.218347,11.213252,11.255637
11.779136,11.804909,11.750295,11.820880,11.823598,11.824072,11.799665,11.812954,11.793384,11.850786,11.855339
12.452937,12.354061,12.263491,12.278838,12.216917,12.219685,12.348985,12.245022,12.231047,12.283911,12.241335
12.081082,12.103511,12.122716,12.118166,12.120038,12.119471,12.097747,12.106065,12.119334,12.132563,12.118133
12.332710,12.447656,12.429079,12.454926,12.433039,12.433221,12.477801,12.424409,12.411042,12.423705,12.407757
11.794345,11.780688,11.792723,11.774576,11.759410,11.759768,11.773713,11.792031,11.779069,11.783041,11.759102
11.512935,11.603646,11.546321,11.627373,11.618787,11.618098,11.635929,11.634342,11.635184,11.592776,11.634589
11.740069,11.797836,11.758122,11.747824,11.743692,11.744235,11.788444,11.757973,11.793434,11.755435,11.773041
11.736077,11.686954,11.762654,11.711836,11.675746,11.676731,11.714554,11.703811,11.698380,11.726421,11.686059
12.031130,12.000403,12.029850,11.982957,11.990214,11.988644,12.010610,12.036137,12.003297,11.959741,11.987515
11.813037,11.802061,11.889320,11.815004,11.843172,11.841156,11.787583,11.881637,11.873199,11.878874,11.896460
10.868587,10.963042,11.139186,11.003598,11.017547,11.016474,11.127931,11.000616,11.006869,11.107577,10.960884
12.206078,12.379905,12.293787,12.400243,12.381258,12.383174,12.374154,12.278116,12.303583,12.285362,12.298465
11.763692,11.794641,11.712250,11.780852,11.761595,11.762503,11.769564,11.757821,11.765839,11.714081,11.731727
11.719948,11.605410,11.608294,11.582049,11.574552,11.575259,11.654130,11.577311,11.569536,11.568558,11.597761
11.951187,11.943527,11.965652,11.969460,11.995476,11.989715,11.979156,11.991482,11.974347,11.978101,11.956661
12.339296,12.410652,12.496978,12.407450,12.411257,12.410770,12.403625,12.417005,12.442752,12.438420,12.452991
12.083911,12.118119,11.974594,12.041662,12.058276,12.059425,12.056493,12.060348,12.056574,12.068783,12.094788
11.956559,12.176158,12.091396,12.217499,12.223468,12.223116,12.129174,12.096386,12.123079,12.123420,12.163762
11.594515,11.408833,11.387917,11.385113,11.374977,11.376359,11.344440,11.276600,11.288916,11.319734,11.339117
12.478010,12.562178,12.434105,12.473350,12.443243,12.444325,12.473618,12.484818,12.473488,12.420946,12.479900
12.554840,12.644093,12.553602,12.645156,12.616060,12.616906,12.620672,12.618328,12.598871,12.601242,12.621509
12.278398,12.313826,12.332833,12.362069,12.370781,12.370533,12.367731,12.385510,12.396683,12.366033,12.394828
11.711785,11.785312,12.163094,11.779612,11.767829,11.768390,11.739415,11.786356,11.928565,11.894327,11.892558
12.206078,12.195535,12.100918,12.173888,12.183674,12.183995,12.126531,12.031759,12.101515,12.082579,12.091002
12.049425,12.024403,12.007525,12.043926,12.066936,12.065241,12.030766,11.979662,11.979728,12.004358,11.996129
11.812296,11.844443,11.745462,11.852373,11.860939,11.860035,11.819439,11.765671,11.768467,11.747480,11.766052
12.923915,12.901047,12.931507,12.879495,12.892511,12.891729,12.896405,12.922693,12.920866,12.944622,12.937494
12.367345,12.345743,12.332342,12.354303,12.371433,12.370401,12.361223,12.374160,12.391587,12.378480,12.389214
12.043560,12.149945,12.149994,12.136426,12.139506,12.138030,12.121013,12.171401,12.185143,12.170041,12.165872
11.608245,11.564409,11.627388,11.546982,11.555342,11.554557,11.620422,11.634073,11.641979,11.633591,11.652027
11.917730,12.009310,11.929910,11.984110,11.964537,11.966171,11.963420,11.972046,11.987189,11.978463,12.009313
12.086732,12.002247,12.053853,11.974416,11.995543,11.995022,12.022972,12.063975,12.060536,12.042565,12.061680
12.660331,12.711996,12.831840,12.768397,12.785276,12.785471,12.790804,12.860278,12.822824,12.815806,12.812175
12.149508,12.202258,12.062216,12.092818,12.048101,12.047778,12.142175,12.074419,12.112569,12.098273,12.075245
12.468441,12.558836,12.373791,12.497534,12.531160,12.530589,12.494394,12.419581,12.424019,12.408266,12.433014
11.560772,11.641421,11.695384,11.616200,11.660754,11.657487,11.633005,11.662978,11.691717,11.709108,11.691580
11.963574,12.041217,11.979031,12.055096,12.064821,12.064051,12.024354,12.029545,11.981367,12.006567,12.028633
11.878631,11.864924,11.917307,11.857700,11.874912,11.873478,11.886749,11.876297,11.899225,11.920451,11.895876
12.283038,12.255208,12.225267,12.260150,12.255385,12.255610,12.258668,12.283250,12.273378,12.245335,12.276809
12.170451,12.183885,12.281449,12.188465,12.202400,12.200939,12.221859,12.256577,12.211213,12.222604,12.222198
11.751950,11.727540,11.825006,11.764662,11.792577,11.793430,11.740668,11.800731,11.821383,11.833213,11.818403
11.877576,11.839635,11.846797,11.832447,11.816228,11.816819,11.849442,11.841848,11.853462,11.870224,11.858354
12.354497,12.377934,12.459761,12.405528,12.414472,12.414069,12.377627,12.454940,12.425755,12.439137,12.488356
11.561725,11.407826,11.677638,11.507468,11.552188,11.550045,11.560419,11.640132,11.608191,11.664775,11.626133
12.016733,12.135858,12.019666,12.151382,12.156032,12.155911,12.095031,12.035535,12.085391,12.044866,12.070005
12.521981,12.513986,12.371948,12.511871,12.509944,12.510410,12.489568,12.440590,12.427195,12.411185,12.446051
13.053015,13.007028,13.018090,13.026458,13.031262,13.031232,13.104145,12.969578,13.105824,13.065802,13.058744
12.429220,12.451709,12.382585,12.421708,12.406261,12.406800,12.430686,12.451619,12.441497,12.405176,12.402656
12.384223,12.428981,12.429773,12.448464,12.436884,12.436551,12.401878,12.460276,12.507958,12.494470,12.537897
11.418626,11.418342,11.486820,11.430256,11.431468,11.429753,11.437108,11.464902,11.468061,11.463441,11.499823
11.669938,11.789588,11.871408,11.802169,11.793846,11.792276,11.810220,11.809406,11.789009,11.810922,11.778527
11.326608,11.499871,11.522517,11.513279,11.510412,11.510469,11.508049,11.483526,11.503246,11.493120,11.500043
12.028745,11.943148,11.849751,11.943793,11.937462,11.935308,11.936788,11.976474,11.893800,11.906418,11.905740
10.976799,11.278090,11.231427,11.268933,11.268121,11.266195,11.275619,11.214829,11.175455,11.157271,11.187233
12.377927,12.368593,12.202976,12.398475,12.408975,12.408359,12.350112,12.307520,12.300179,12.240339,12.284141
11.964007,11.988861,11.961586,11.981480,11.994679,11.995137,11.955000,12.014569,11.959486,11.946866,11.995099
11.626263,11.873933,11.816307,11.916866,11.927940,11.925394,11.947185,11.886610,11.836457,11.877269,11.820383
11.561725,11.623768,11.693691,11.630230,11.641305,11.640120,11.599044,11.597385,11.635210,11.616266,11.606712
11.740069,11.626072,11.638736,11.572917,11.612432,11.611608,11.625674,11.602925,11.617541,11.639786,11.620277
12.429220,6.859213,12.561221,12.621252,12.607080,12.610368,12.558852,12.633637,12.579503,12.561658,12.638698
11.820418,12.077233,12.021681,12.016111,12.009823,12.013229,12.001525,11.989305,11.933366,12.005075,11.949896
12.841328,12.637704,12.719538,12.646028,12.648382,12.646557,12.681159,12.757940,12.793825,12.787629,12.789020
11.782960,11.782937,11.777688,11.810136,11.818563,11.819335,11.814025,11.826042,11.844739,11.817935,11.826304
12.367345,12.284411,12.313833,12.285374,12.293218,12.292449,12.318441,12.336137,12.343621,12.349819,12.329150
11.728045,11.724660,11.841506,11.811947,11.803794,11.804464,11.779349,11.758107,11.691236,11.745059,11.735354
11.719948,11.679937,11.743694,11.681422,11.694230,11.695121,11.674882,11.802714,11.772206,11.771855,11.747190
12.001512,11.731929,11.886130,11.816016,11.869378,11.865808,11.904776,11.817489,11.825874,11.870348,11.912944
12.415438,12.303304,12.275888,12.339578,12.341262,12.341106,12.327520,12.290999,12.333117,12.361167,12.320475
12.546871,12.519708,12.568277,12.512210,12.540796,12.541112,12.528624,12.591092,12.527830,12.566808,12.580354
11.982935,11.937885,11.947107,12.015353,12.025263,12.026691,12.045169,12.002030,12.023061,11.997047,12.037109
11.831386,11.900067,11.768373,11.897207,11.864924,11.867532,11.915216,11.868148,11.807625,11.812127,11.787032
11.835016,11.999675,11.923600,11.913491,11.893380,11.893419,11.870361,11.828931,11.895797,11.933678,11.854087
11.831023,11.885580,11.928282,11.953752,11.938570,11.939056,11.921031,11.906084,11.913612,11.951269,11.900262
11.695255,11.680283,11.703225,11.731246,11.690289,11.692121,11.735936,11.720060,11.731781,11.706575,11.723799
12.170451,12.148153,12.113528,12.152607,12.147739,12.149452,12.140667,12.103043,12.126693,12.105024,12.130644
12.174995,12.207793,12.157439,12.219006,12.220847,12.220340,12.153716,12.154928,12.128905,12.163568,12.156679
12.552930,12.453694,12.443148,12.457866,12.421931,12.422891,12.479846,12.384216,12.451685,12.409854,12.405452
11.561725,11.350846,11.358761,11.342301,11.362655,11.360051,11.361494,11.356088,11.329580,11.351083,11.436299
12.524530,12.514309,12.547335,12.485754,12.469920,12.471638,12.447023,12.574144,12.576590,12.558459,12.583427
11.798112,11.748579,11.778164,11.730374,11.733882,11.734420,11.738987,11.789639,11.782969,11.791844,11.774763
11.626263,11.600146,11.704538,11.602728,11.604982,11.605475,11.647519,11.709812,11.683755,11.684957,11.667620
11.740069,11.652265,11.594352,11.617545,11.610951,11.610188,11.677617,11.634555,11.678193,11.629562,11.639588
12.278398,12.211939,12.242355,12.208893,12.262564,12.258923,12.272974,12.223269,12.222867,12.257825,12.271766
12.345839,12.292060,12.311730,12.290366,12.305957,12.305200,12.322364,12.308800,12.276519,12.297000,12.273502
11.849405,11.944259,11.953332,12.000032,12.001519,12.001232,11.952382,11.858561,11.915255,11.893031,11.877022
11.407576,11.477924,11.447628,11.439343,11.409662,11.410994,11.455959,11.488732,11.527967,11.492005,11.503854
12.456835,12.483526,12.550013,12.461036,12.496854,12.496412,12.479868,12.470771,12.435984,12.485878,12.425883
12.240479,12.106343,12.094172,12.106074,12.096674,12.099260,12.157361,12.181708,12.193048,12.150693,12.184886
12.077677,12.271083,12.250463,12.285999,12.284355,12.285787,12.302126,12.227462,12.274369,12.265011,12.261161
11.715874,11.743296,11.707884,11.747621,11.782880,11.781396,11.760127,11.697683,11.696733,11.637063,11.714293
12.736704,12.703628,12.660900,12.680382,12.676463,12.676746,12.743959,12.683526,12.658075,12.644399,12.675238
11.728045,11.766142,11.825558,11.766282,11.760753,11.760976,11.774480,11.779190,11.784216,11.779589,11.774114
12.314932,12.450143,12.271056,12.415057,12.432611,12.431536,12.377245,12.346663,12.291230,12.288529,12.385293
12.100162,12.034093,11.970932,12.060788,12.051512,12.051546,12.056952,12.062770,12.024695,12.003952,12.022922
11.755879,11.964294,11.848304,11.851930,11.807760,11.807426,11.877287,11.893034,11.881839,11.867209,11.847182
11.824087,11.836036,11.853642,11.811045,11.811594,11.811916,11.832617,11.853815,11.858968,11.860617,11.862533
12.524421,18.718396,12.133658,12.350362,12.350983,12.351139,12.408259,12.178336,12.149645,12.122979,12.210962
11.877576,11.831700,11.904866,11.835282,11.834367,11.834555,11.853302,11.857552,11.868093,11.888617,11.871642
11.863589,11.916198,11.921920,11.937565,11.943475,11.944776,11.891910,11.870400,11.893367,11.921566,11.894321
12.509878,12.484030,12.441262,12.474004,12.456391,12.457628,12.485984,12.411664,12.423380,12.438805,12.407162
11.849405,11.835335,11.860460,11.822452,11.836561,11.836246,11.778555,11.828846,11.824081,11.849854,11.913538
11.686887,11.631001,11.634999,11.617164,11.618161,11.617142,11.628445,11.658406,11.650449,11.682415,11.650767
12.116700,12.167584,12.112661,12.204627,12.196739,12.196196,12.202539,12.134992,12.143190,12.117538,12.107413
12.165985,12.193048,12.061235,12.133914,12.104837,12.104905,12.173374,12.141340,12.084386,12.099459,12.064196
11.875838,11.855569,11.815723,11.825075,11.798713,11.798269,11.808359,11.795176,11.798893,11.801269,11.795464
11.074436,11.520787,11.538726,11.483749,11.489988,11.489011,11.551851,11.496913,11.509609,11.536385,11.554563
12.136192,12.180095,12.130866,12.172827,12.163441,12.164672,12.176979,12.145504,12.116343,12.134943,12.125748
11.982935,11.901351,11.966248,11.951174,11.983125,11.983453,11.989768,12.010543,11.987057,12.007330,12.020327
12.066816,12.087778,12.064799,12.127150,12.147435,12.145122,12.098468,12.027753,12.032152,12.018733,11.980848
11.699413,11.640235,11.678898,11.652446,11.673862,11.673143,11.704525,11.689367,11.661061,11.663192,11.677636
12.885673,12.738816,12.744889,12.708791,12.730042,12.727136,12.721539,12.803728,12.716170,12.787147,12.788994
11.916395,11.928685,11.867234,11.900999,11.887799,11.888301,11.906408,11.883924,11.896216,11.926636,11.921444
12.190964,12.022824,12.094328,12.092067,12.109618,12.106358,12.089373,12.134660,12.138397,12.101724,12.116184
12.160034,12.388090,12.184680,12.328640,12.268368,12.270926,12.293008,12.273745,12.285287,12.293076,12.271562
11.913720,11.859017,11.875612,11.850149,11.844868,11.845545,11.868617,11.871100,11.869333,11.880704,11.887685
12.644331,12.753213,12.691159,12.728757,12.732301,12.733246,12.736532,12.746321,12.764721,12.741146,12.743301
11.703554,11.176831,11.572032,11.452793,11.544850,11.535986,11.546269,11.584329,11.552794,11.505664,11.475400
12.098493,12.131166,12.166719,12.141733,12.163863,12.161812,12.105742,12.136648,12.155048,12.164135,12.147517
11.767575,11.799559,11.751709,11.802511,11.783686,11.784424,11.800873,11.781340,11.748314,11.758826,11.733836
11.969724,11.896542,11.881556,11.887518,11.892940,11.892142,11.930122,11.951374,11.894103,11.871606,11.922923
12.388398,12.442506,12.530799,12.442075,12.457202,12.456042,12.452886,12.503363,12.536265,12.493465,12.511403
11.626263,11.524729,11.573471,11.573150,11.587973,11.587855,11.572670,11.608652,11.622907,11.574281,11.622997
11.429555,11.332574,11.380318,11.364271,11.340538,11.340419,11.299430,11.423651,11.408178,11.384265,11.409137
11.820418,11.787783,11.884763,11.772463,11.795278,11.793910,11.786516,11.777893,11.813009,11.780830,11.791424
12.567555,12.435072,12.416202,12.467948,12.443045,12.443952,12.492660,12.496025,12.416832,12.428120,12.462647
11.884496,11.839313,11.777623,11.789098,11.769080,11.768029,11.846622,11.829346,11.781608,11.794088,11.778671
11.344519,11.822797,11.821386,11.806098,11.788993,11.789153,11.861555,11.817654,11.721992,11.726888,11.761557
12.128117,12.193840,12.106899,12.176612,12.158389,12.160564,12.199466,12.164282,12.161663,12.142999,12.139098
12.072547,12.059447,12.086626,12.068508,12.066005,12.066329,12.077500,12.079317,12.047269,12.069825,12.066289
12.254868,12.251915,12.253633,12.267540,12.290551,12.289196,12.275263,12.158809,12.145077,12.213646,12.214711
12.493133,12.777017,12.419318,12.487211,12.460226,12.458861,12.513181,12.437961,12.495239,12.468007,12.499413
11.864469,11.926452,11.805710,11.880471,11.860025,11.861734,11.838107,11.854175,11.824733,11.818974,11.852125
11.901590,11.863032,11.932120,11.876571,11.879465,11.878808,11.892609,11.914941,11.894876,11.898610,11.925562
